Close,Open,High,Low,Volume,Date
3910.0,3910.0,3910.0,3885.1,540070.0,2014-01-02
3934.9,3910.0,3934.9,3885.1,362500.0,2014-01-03
3910.0,3885.1,3934.9,3885.1,698170.0,2014-01-06
3959.8,3934.9,4009.6,3910.0,561840.0,2014-01-07
3934.9,3959.8,3959.8,3586.2,216250.0,2014-01-08
3959.8,3910.0,3959.8,3910.0,266150.0,2014-01-09
3984.7,3959.8,4034.5,3934.9,589030.0,2014-01-10
3959.8,3959.8,4009.6,3934.9,100100.0,2014-01-13
4034.5,3959.8,4034.5,3934.9,728380.0,2014-01-14
4034.5,3934.9,4059.4,3934.9,514850.0,2014-01-15
4009.6,4034.5,4059.4,3984.7,377600.0,2014-01-16
4109.2,4009.6,4134.1,3984.7,1250000.0,2014-01-17
4084.3,4109.2,4134.1,4059.4,950290.0,2014-01-20
4009.6,4059.4,4084.3,4009.6,531580.0,2014-01-21
4009.6,4009.6,4034.5,4009.6,638840.0,2014-01-22
4009.6,4034.5,4059.4,4009.6,167090.0,2014-01-23
4034.5,4009.6,4059.4,4009.6,292890.0,2014-01-24
4034.5,4034.5,4034.5,4009.6,224540.0,2014-01-27
4034.5,4034.5,4034.5,4009.6,143780.0,2014-02-06
4034.5,4034.5,4059.4,4009.6,296680.0,2014-02-07
4034.5,4034.5,4059.4,4009.6,2030000.0,2014-02-10
4059.4,4034.5,4059.4,4009.6,1740000.0,2014-02-11
4084.3,4034.5,4109.2,4034.5,549340.0,2014-02-12
4109.2,4109.2,4134.1,4034.5,584400.0,2014-02-13
4109.2,4109.2,4134.1,4034.5,654260.0,2014-02-14
4009.6,4084.3,4084.3,3984.7,1960000.0,2014-02-17
4009.6,4009.6,4034.5,3984.7,2120000.0,2014-02-18
4009.6,4009.6,4034.5,3984.7,1630000.0,2014-02-19
3984.7,4009.6,4059.4,3984.7,1070000.0,2014-02-20
4009.6,4009.6,4009.6,3984.7,507220.0,2014-02-21
4009.6,3984.7,4009.6,3611.1,520590.0,2014-02-24
4009.6,4009.6,4034.5,3984.7,873310.0,2014-02-25
4059.4,3984.7,4059.4,3984.7,2400000.0,2014-02-26
4308.5,4059.4,4457.9,4034.5,5570000.0,2014-02-27
4258.6,4308.5,4383.2,4208.8,1390000.0,2014-02-28
4159.0,4258.6,4258.6,4159.0,1120000.0,2014-03-03
4134.1,4109.2,4159.0,4059.4,989210.0,2014-03-04
4134.1,4134.1,4183.9,4109.2,769090.0,2014-03-05
4134.1,4408.1,4433.0,4109.2,1770000.0,2014-03-06
4134.1,4134.1,4233.7,4109.2,789210.0,2014-03-07
4109.2,4109.2,4159.0,4109.2,785660.0,2014-03-10
4109.2,4109.2,4134.1,4084.3,1180000.0,2014-03-11
4084.3,4109.2,4134.1,4084.3,779280.0,2014-03-12
4109.2,4084.3,4109.2,4084.3,1140000.0,2014-03-13
4109.2,4109.2,4109.2,4084.3,1820000.0,2014-03-14
4134.1,4109.2,4134.1,4084.3,2680000.0,2014-03-17
4258.6,4134.1,4283.6,4134.1,2400000.0,2014-03-18
4358.3,4283.6,4358.3,4183.9,2250000.0,2014-03-19
4333.4,4283.6,4358.3,4283.6,1660000.0,2014-03-20
4308.5,4283.6,4358.3,4134.1,1490000.0,2014-03-21
4358.3,4333.4,4358.3,4258.6,2080000.0,2014-03-24
4308.5,4358.3,4358.3,4283.6,1850000.0,2014-03-25
4233.7,4308.5,4308.5,4233.7,2150000.0,2014-03-26
4233.7,4159.0,4258.6,4159.0,1090000.0,2014-03-27
4258.6,4258.6,4258.6,4208.8,422770.0,2014-03-28
4258.6,4258.6,4258.6,4233.7,734070.0,2014-03-31
4208.8,4233.7,4258.6,4208.8,1920000.0,2014-04-01
4183.9,4183.9,4208.8,4159.0,1250000.0,2014-04-02
4283.6,4208.8,4283.6,4183.9,959200.0,2014-04-03
4258.6,4233.7,4283.6,4233.7,555140.0,2014-04-04
4208.8,4159.0,4258.6,4134.1,175380.0,2014-04-07
4183.9,4233.7,4233.7,3810.4,187490.0,2014-04-08
4208.8,4183.9,4233.7,4183.9,246850.0,2014-04-10
4208.8,4208.8,4233.7,4183.9,1600000.0,2014-04-11
4258.6,4233.7,4258.6,4183.9,829520.0,2014-04-14
4159.0,4258.6,4258.6,4159.0,1140000.0,2014-04-15
4183.9,4159.0,4233.7,4134.1,1290000.0,2014-04-16
4159.0,4183.9,4183.9,4134.1,816410.0,2014-04-17
4159.0,4159.0,4183.9,4134.1,1810000.0,2014-04-18
4134.1,4134.1,4159.0,4109.2,386290.0,2014-04-21
4159.0,4134.1,4159.0,4134.1,464940.0,2014-04-22
4109.2,4109.2,4159.0,4109.2,257350.0,2014-04-23
4034.5,4109.2,4109.2,4034.5,457370.0,2014-04-24
4109.2,4034.5,4159.0,4034.5,458200.0,2014-04-25
4084.3,4134.1,4134.1,4084.3,345770.0,2014-04-28
4084.3,4109.2,4109.2,4084.3,164140.0,2014-04-29
4084.3,4084.3,4109.2,4059.4,905420.0,2014-05-05
4059.4,4084.3,4109.2,4034.5,851580.0,2014-05-06
4084.3,4084.3,4084.3,4009.6,373760.0,2014-05-07
3934.9,4059.4,4059.4,3835.3,729200.0,2014-05-08
4009.6,3934.9,4009.6,3885.1,926800.0,2014-05-09
3885.1,3934.9,3959.8,3885.1,590640.0,2014-05-12
3911.2,3911.2,3963.3,3911.2,435800.0,2014-05-13
3989.4,3937.2,4041.5,3911.2,397870.0,2014-05-14
4015.5,3963.3,4041.5,3963.3,298180.0,2014-05-15
4015.5,4041.5,4041.5,3989.4,559980.0,2014-05-16
4015.5,3989.4,4041.5,3963.3,204590.0,2014-05-19
4015.5,4015.5,4041.5,3963.3,43150.0,2014-05-20
4093.7,4041.5,4093.7,3989.4,491950.0,2014-05-21
4067.6,4093.7,4119.8,4041.5,270700.0,2014-05-22
4041.5,3989.4,4067.6,3989.4,52860.0,2014-05-23
4041.5,4015.5,4041.5,4015.5,31970.0,2014-05-26
4093.7,4015.5,4093.7,3650.4,178750.0,2014-05-27
4119.8,4093.7,4119.8,4041.5,162630.0,2014-05-28
4093.7,4067.6,4119.8,4067.6,135030.0,2014-05-29
4093.7,4067.6,4145.8,4067.6,576530.0,2014-05-30
4041.5,4067.6,4093.7,4041.5,134080.0,2014-06-02
3989.4,4067.6,4145.8,3780.8,330110.0,2014-06-03
4041.5,3989.4,4067.6,3989.4,157460.0,2014-06-04
4041.5,4041.5,4041.5,3989.4,185040.0,2014-06-05
4067.6,4041.5,4067.6,4041.5,289390.0,2014-06-06
4067.6,4093.7,4093.7,4041.5,236430.0,2014-06-09
4041.5,4041.5,4093.7,3989.4,121980.0,2014-06-10
4093.7,4015.5,4093.7,4015.5,240030.0,2014-06-11
4067.6,4067.6,4067.6,4015.5,555360.0,2014-06-12
4041.5,4015.5,4067.6,4015.5,208240.0,2014-06-13
4041.5,4041.5,4041.5,4015.5,183930.0,2014-06-16
4041.5,4015.5,4041.5,4015.5,317150.0,2014-06-17
4015.5,4015.5,4015.5,3989.4,512850.0,2014-06-18
4041.5,4015.5,4041.5,3989.4,953880.0,2014-06-19
4041.5,4015.5,4067.6,4015.5,360100.0,2014-06-20
4015.5,4041.5,4041.5,4015.5,604270.0,2014-06-23
4015.5,4015.5,4015.5,3989.4,684950.0,2014-06-24
4067.6,4015.5,4067.6,4015.5,331370.0,2014-06-25
4015.5,4041.5,4041.5,4015.5,921990.0,2014-06-26
4041.5,4015.5,4041.5,4015.5,175890.0,2014-06-27
4015.5,4015.5,4041.5,3989.4,1000000.0,2014-06-30
4041.5,4041.5,4041.5,4015.5,746980.0,2014-07-01
4041.5,4041.5,4041.5,4015.5,421860.0,2014-07-02
4067.6,4041.5,4067.6,4015.5,1140000.0,2014-07-03
4041.5,4067.6,4067.6,4041.5,432640.0,2014-07-04
4041.5,4067.6,4067.6,3650.4,649870.0,2014-07-07
4041.5,4041.5,4067.6,4015.5,748300.0,2014-07-08
4041.5,4041.5,4067.6,4015.5,231340.0,2014-07-09
4015.5,4041.5,4041.5,4015.5,365320.0,2014-07-10
4015.5,4015.5,4041.5,3989.4,254800.0,2014-07-11
4015.5,4041.5,4041.5,4015.5,563690.0,2014-07-14
4041.5,4015.5,4041.5,4015.5,260560.0,2014-07-15
4041.5,4041.5,4041.5,4015.5,444650.0,2014-07-16
4041.5,4041.5,4041.5,4015.5,35810.0,2014-07-17
4041.5,4041.5,4041.5,4015.5,389320.0,2014-07-18
4015.5,4041.5,4041.5,4015.5,219970.0,2014-07-21
4015.5,4015.5,4041.5,3989.4,813150.0,2014-07-22
4015.5,4015.5,4041.5,4015.5,171740.0,2014-07-23
4015.5,4015.5,4041.5,4015.5,211740.0,2014-07-24
3989.4,4015.5,4041.5,3989.4,379480.0,2014-07-25
3989.4,4015.5,4041.5,3989.4,406300.0,2014-07-28
4015.5,4015.5,4015.5,3989.4,346930.0,2014-07-29
4015.5,4015.5,4015.5,3989.4,33800.0,2014-07-30
4015.5,3989.4,4015.5,3989.4,406010.0,2014-07-31
4015.5,4041.5,4041.5,3989.4,115160.0,2014-08-01
4015.5,3989.4,4015.5,3989.4,212900.0,2014-08-04
4015.5,4015.5,4015.5,3989.4,211060.0,2014-08-05
4015.5,3989.4,4015.5,3989.4,59850.0,2014-08-06
4015.5,4015.5,4015.5,3989.4,87500.0,2014-08-07
4015.5,3989.4,4015.5,3989.4,723570.0,2014-08-08
3989.4,4015.5,4015.5,3989.4,68930.0,2014-08-11
3989.4,3989.4,4041.5,3963.3,321840.0,2014-08-12
3989.4,3963.3,4015.5,3963.3,702800.0,2014-08-13
3963.3,3989.4,3989.4,3963.3,721900.0,2014-08-14
3989.4,3989.4,4015.5,3989.4,373450.0,2014-08-15
4015.5,3963.3,4015.5,3963.3,302760.0,2014-08-18
3989.4,3989.4,4015.5,3963.3,17270.0,2014-08-19
3989.4,3989.4,4015.5,3989.4,252840.0,2014-08-20
3989.4,3989.4,4015.5,3989.4,329670.0,2014-08-21
3989.4,3989.4,4015.5,3963.3,69960.0,2014-08-22
4015.5,3989.4,4041.5,3989.4,502870.0,2014-08-25
4015.5,4015.5,4041.5,4015.5,523140.0,2014-08-26
3989.4,4015.5,4015.5,3989.4,400510.0,2014-08-27
3989.4,3989.4,4015.5,3989.4,164060.0,2014-08-28
4041.5,3989.4,4041.5,3989.4,405430.0,2014-08-29
4015.5,4041.5,4067.6,4015.5,352790.0,2014-09-03
4015.5,4015.5,4015.5,3963.3,247190.0,2014-09-04
4015.5,4041.5,4041.5,3989.4,373310.0,2014-09-05
3989.4,4015.5,4041.5,3963.3,916150.0,2014-09-08
3963.3,3989.4,3989.4,3963.3,977780.0,2014-09-09
3989.4,3963.3,4015.5,3963.3,326510.0,2014-09-10
3989.4,3989.4,4015.5,3963.3,256250.0,2014-09-11
3963.3,4015.5,4015.5,3963.3,407670.0,2014-09-12
3963.3,3989.4,3989.4,3963.3,357990.0,2014-09-15
3989.4,3989.4,3989.4,3963.3,392520.0,2014-09-16
4015.5,3989.4,4041.5,3963.3,1090000.0,2014-09-17
3963.3,4015.5,4041.5,3963.3,308510.0,2014-09-18
3963.3,3963.3,3989.4,3963.3,2230000.0,2014-09-19
3963.3,3989.4,3989.4,3937.2,2480000.0,2014-09-22
3963.3,3963.3,3989.4,3937.2,571940.0,2014-09-23
3963.3,3963.3,3963.3,3937.2,872010.0,2014-09-24
3963.3,3963.3,3989.4,3937.2,1370000.0,2014-09-25
3963.3,3989.4,3989.4,3963.3,709830.0,2014-09-26
3963.3,3963.3,3989.4,3937.2,1080000.0,2014-09-29
3963.3,3963.3,3989.4,3937.2,293700.0,2014-09-30
3963.3,3963.3,3963.3,3937.2,1260000.0,2014-10-01
3963.3,3963.3,3989.4,3937.2,866150.0,2014-10-02
3937.2,3963.3,3963.3,3937.2,1170000.0,2014-10-03
3937.2,3963.3,3963.3,3937.2,1820000.0,2014-10-06
3937.2,3911.2,3937.2,3911.2,405980.0,2014-10-07
3937.2,3937.2,3937.2,3911.2,692230.0,2014-10-08
3937.2,3963.3,3963.3,3911.2,627590.0,2014-10-09
3937.2,3937.2,3963.3,3911.2,2850000.0,2014-10-10
3937.2,3911.2,3963.3,3885.1,1150000.0,2014-10-13
3937.2,3911.2,3963.3,3911.2,851000.0,2014-10-14
3937.2,3937.2,3937.2,3911.2,1540000.0,2014-10-15
3937.2,3911.2,3963.3,3885.1,1300000.0,2014-10-16
3963.3,3911.2,3963.3,3911.2,772690.0,2014-10-17
3937.2,3963.3,3963.3,3937.2,398560.0,2014-10-20
3937.2,3911.2,3963.3,3911.2,1060000.0,2014-10-21
3937.2,3937.2,3963.3,3937.2,116830.0,2014-10-22
3963.3,3963.3,3989.4,3937.2,593610.0,2014-10-23
3937.2,3937.2,3963.3,3937.2,191670.0,2014-10-24
3937.2,3937.2,3963.3,3911.2,797590.0,2014-10-27
3937.2,3859.0,3937.2,3859.0,922880.0,2014-10-28
3963.3,3911.2,3963.3,3911.2,391290.0,2014-10-29
3989.4,3963.3,3989.4,3937.2,228070.0,2014-10-30
3989.4,3937.2,3989.4,3937.2,88330.0,2014-10-31
3989.4,3989.4,3989.4,3963.3,368740.0,2014-11-03
3989.4,3963.3,3989.4,3937.2,171940.0,2014-11-04
3937.2,3963.3,3989.4,3937.2,776450.0,2014-11-05
4067.6,3963.3,4067.6,3963.3,2230000.0,2014-11-06
4067.6,4093.7,4093.7,4041.5,400190.0,2014-11-07
4015.5,4067.6,4093.7,4015.5,84700.0,2014-11-10
4093.7,4015.5,4171.9,4015.5,506300.0,2014-11-11
4171.9,4093.7,4302.3,4041.5,1260000.0,2014-11-12
4171.9,4171.9,4198.0,4119.8,523030.0,2014-11-13
4093.7,4119.8,4145.8,4093.7,235860.0,2014-11-14
4119.8,4093.7,4119.8,4067.6,1390000.0,2014-11-17
4093.7,4119.8,4145.8,4067.6,534380.0,2014-11-18
4067.6,4093.7,4119.8,4067.6,526380.0,2014-11-19
4067.6,4093.7,4093.7,4041.5,123770.0,2014-11-20
4015.5,4093.7,4093.7,4015.5,83190.0,2014-11-21
3989.4,4015.5,4015.5,3989.4,645870.0,2014-11-24
4015.5,4041.5,4067.6,3989.4,471370.0,2014-11-25
3963.3,4041.5,4041.5,3963.3,252780.0,2014-11-26
4015.5,4015.5,4041.5,3989.4,86600.0,2014-11-27
3963.3,4041.5,4041.5,3963.3,397100.0,2014-11-28
3963.3,4015.5,4015.5,3963.3,901340.0,2014-12-01
3937.2,3937.2,3963.3,3937.2,288340.0,2014-12-02
3963.3,3989.4,4067.6,3963.3,630690.0,2014-12-03
4067.6,3963.3,4119.8,3937.2,744320.0,2014-12-04
4067.6,4067.6,4119.8,4041.5,779120.0,2014-12-05
4067.6,4067.6,4067.6,3989.4,221200.0,2014-12-08
3989.4,4041.5,4067.6,3989.4,440230.0,2014-12-09
4015.5,3989.4,4015.5,3989.4,474790.0,2014-12-10
4041.5,3989.4,4067.6,3989.4,239320.0,2014-12-11
4041.5,4041.5,4067.6,4041.5,184650.0,2014-12-12
4041.5,4041.5,4067.6,4041.5,398060.0,2014-12-15
4015.5,3989.4,4041.5,3989.4,1460000.0,2014-12-16
3989.4,3989.4,4015.5,3937.2,1010000.0,2014-12-17
4015.5,3989.4,4015.5,3989.4,235140.0,2014-12-18
4015.5,4015.5,4041.5,3989.4,514790.0,2014-12-19
3989.4,4015.5,4015.5,3989.4,160210.0,2014-12-22
4041.5,3989.4,4041.5,3989.4,339980.0,2014-12-23
4041.5,4041.5,4067.6,4015.5,666210.0,2014-12-24
4015.5,4041.5,4041.5,4015.5,252880.0,2014-12-25
4015.5,3989.4,4015.5,3989.4,174600.0,2014-12-26
3989.4,4015.5,4015.5,3989.4,389210.0,2014-12-29
3989.4,3989.4,4015.5,3937.2,654160.0,2014-12-30
4015.5,3989.4,4015.5,3989.4,144600.0,2014-12-31
3989.4,4015.5,4015.5,3963.3,205360.0,2015-01-05
4041.5,3963.3,4041.5,3937.2,329970.0,2015-01-06
4093.7,4041.5,4171.9,4041.5,855630.0,2015-01-07
4119.8,4093.7,4119.8,4067.6,54680.0,2015-01-08
4145.8,4119.8,4250.1,4067.6,2550000.0,2015-01-09
4198.0,4171.9,4276.2,4145.8,1350000.0,2015-01-12
4302.3,4198.0,4354.4,4198.0,1530000.0,2015-01-13
4224.0,4302.3,4302.3,4198.0,1100000.0,2015-01-14
4145.8,4198.0,4224.0,4145.8,900100.0,2015-01-15
4145.8,4171.9,4198.0,4093.7,1370000.0,2015-01-16
4198.0,4198.0,4224.0,4171.9,846280.0,2015-01-19
4171.9,4171.9,4198.0,4119.8,276210.0,2015-01-20
4145.8,4171.9,4198.0,4119.8,754620.0,2015-01-21
4250.1,4145.8,4250.1,4119.8,1110000.0,2015-01-22
4458.7,4224.0,4484.8,4224.0,5300000.0,2015-01-23
4484.8,4458.7,4510.9,4458.7,1130000.0,2015-01-26
4484.8,4510.9,4536.9,4302.3,1160000.0,2015-01-27
4693.4,4458.7,4745.5,4406.6,3530000.0,2015-01-28
4615.2,4693.4,4719.5,4615.2,1580000.0,2015-01-29
4484.8,4589.1,4589.1,4406.6,1760000.0,2015-01-30
4380.5,4458.7,4510.9,4380.5,974990.0,2015-02-02
4145.8,4380.5,4406.6,4145.8,3040000.0,2015-02-03
4198.0,4119.8,4198.0,4067.6,993930.0,2015-02-04
4198.0,4198.0,4276.2,4198.0,273600.0,2015-02-05
4276.2,4198.0,4276.2,3885.1,901270.0,2015-02-06
4198.0,4276.2,4328.3,4198.0,268140.0,2015-02-09
4224.0,4171.9,4276.2,4171.9,388310.0,2015-02-10
4276.2,4224.0,4302.3,4224.0,334060.0,2015-02-11
4276.2,4276.2,4302.3,4250.1,323020.0,2015-02-12
4380.5,4302.3,4458.7,4302.3,2390000.0,2015-02-13
4458.7,4406.6,4510.9,4406.6,517620.0,2015-02-24
4510.9,4484.8,4615.2,4458.7,2470000.0,2015-02-25
4510.9,4510.9,4536.9,4432.6,412740.0,2015-02-26
4432.6,4536.9,4536.9,4432.6,236540.0,2015-02-27
4432.6,4484.8,4484.8,4406.6,370520.0,2015-03-02
4406.6,4484.8,4484.8,4406.6,2220000.0,2015-03-03
4406.6,4432.6,4432.6,4380.5,1520000.0,2015-03-04
4380.5,4406.6,4432.6,4380.5,584790.0,2015-03-05
4432.6,4380.5,4458.7,4354.4,1180000.0,2015-03-06
4406.6,4432.6,4458.7,4380.5,587250.0,2015-03-09
4432.6,4406.6,4432.6,4380.5,355310.0,2015-03-10
4458.7,4432.6,4510.9,4432.6,2060000.0,2015-03-11
4432.6,4406.6,4458.7,4328.3,176030.0,2015-03-12
4406.6,4432.6,4458.7,4406.6,598540.0,2015-03-13
4406.6,4432.6,4432.6,4380.5,1250000.0,2015-03-16
4406.6,4406.6,4432.6,4406.6,435740.0,2015-03-17
4406.6,3989.4,4432.6,3989.4,952970.0,2015-03-18
4406.6,4432.6,4693.4,4406.6,474270.0,2015-03-19
4458.7,4406.6,4458.7,4406.6,427510.0,2015-03-20
4406.6,4432.6,4432.6,4406.6,211030.0,2015-03-23
4380.5,4406.6,4406.6,4354.4,818240.0,2015-03-24
4432.6,4380.5,4432.6,4380.5,450980.0,2015-03-25
4432.6,4432.6,4458.7,4406.6,609190.0,2015-03-26
4380.5,4432.6,4432.6,4380.5,553890.0,2015-03-27
4380.5,4354.4,4406.6,4354.4,687740.0,2015-03-30
4354.4,4380.5,4406.6,4354.4,211790.0,2015-03-31
4302.3,4354.4,4380.5,4302.3,928390.0,2015-04-01
4328.3,4302.3,4380.5,4302.3,584250.0,2015-04-02
4380.5,4328.3,4380.5,4302.3,188190.0,2015-04-03
4380.5,4380.5,4380.5,4354.4,18200.0,2015-04-06
4354.4,4380.5,4380.5,4328.3,171940.0,2015-04-07
4328.3,4328.3,4354.4,4328.3,223320.0,2015-04-08
4302.3,4328.3,4328.3,4276.2,563980.0,2015-04-09
4328.3,4302.3,4354.4,4302.3,97760.0,2015-04-10
4328.3,4354.4,4354.4,4328.3,135730.0,2015-04-13
4328.3,4302.3,4328.3,4276.2,212080.0,2015-04-14
4302.3,4302.3,4328.3,4276.2,154700.0,2015-04-15
4302.3,4302.3,4328.3,4250.1,303220.0,2015-04-16
4328.3,4302.3,4328.3,4276.2,135710.0,2015-04-17
4302.3,4302.3,4328.3,4276.2,165260.0,2015-04-20
4250.1,4302.3,4302.3,4250.1,192370.0,2015-04-21
4302.3,4250.1,4328.3,4250.1,387580.0,2015-04-22
4302.3,4302.3,4328.3,4250.1,143320.0,2015-04-23
4250.1,4276.2,4328.3,4250.1,113000.0,2015-04-24
4380.5,4354.4,4406.6,4354.4,635510.0,2015-04-27
4276.2,4406.6,4406.6,4276.2,61790.0,2015-05-04
4328.3,4250.1,4328.3,4198.0,178260.0,2015-05-05
4328.3,4328.3,4380.5,4276.2,532760.0,2015-05-06
4328.3,4302.3,4354.4,4276.2,446210.0,2015-05-07
4302.3,4354.4,4354.4,4302.3,629400.0,2015-05-08
4328.3,4328.3,4354.4,4302.3,495850.0,2015-05-11
4328.3,4302.3,4328.3,4250.1,219340.0,2015-05-12
4302.3,4302.3,4354.4,4250.1,1200000.0,2015-05-13
4354.4,4276.2,4380.5,4276.2,361760.0,2015-05-14
4381.6,4408.8,4408.8,4327.2,253380.0,2015-05-15
4327.2,4381.6,4381.6,4300.0,817800.0,2015-05-18
4354.4,4381.6,4408.8,4327.2,137250.0,2015-05-19
4381.6,4327.2,4463.3,4327.2,353010.0,2015-05-20
4436.1,4436.1,4463.3,4381.6,170610.0,2015-05-21
4381.6,4436.1,4463.3,4381.6,513610.0,2015-05-22
4517.7,4463.3,4517.7,4436.1,1470000.0,2015-05-25
4762.6,4517.7,4762.6,4490.5,5930000.0,2015-05-26
4898.7,4762.6,4925.9,4681.0,3060000.0,2015-05-27
5198.1,4898.7,5361.4,4844.3,5830000.0,2015-05-28
5252.5,5170.9,5306.9,5170.9,2960000.0,2015-05-29
5470.2,5170.9,5606.3,5170.9,3700000.0,2015-06-01
5306.9,5470.2,5524.7,5279.7,4480000.0,2015-06-02
5361.4,5306.9,5388.6,5279.7,2810000.0,2015-06-03
5579.1,5361.4,5769.6,5334.2,4140000.0,2015-06-04
5878.5,5579.1,5905.7,5579.1,4410000.0,2015-06-05
5960.1,5878.5,6232.3,5878.5,4280000.0,2015-06-08
5960.1,6014.5,6096.2,5769.6,3970000.0,2015-06-09
5960.1,5878.5,5960.1,5742.4,3590000.0,2015-06-10
5851.3,5932.9,6150.6,5851.3,2970000.0,2015-06-11
5796.8,5878.5,5960.1,5742.4,2260000.0,2015-06-12
5932.9,5796.8,5960.1,5796.8,3600000.0,2015-06-15
5824.0,5987.3,6123.4,5824.0,3160000.0,2015-06-16
5769.6,5769.6,5851.3,5688.0,1670000.0,2015-06-17
5851.3,5769.6,5960.1,5769.6,2290000.0,2015-06-18
5905.7,5878.5,5987.3,5851.3,1420000.0,2015-06-19
5960.1,5851.3,6041.8,5851.3,3070000.0,2015-06-22
5932.9,5960.1,6041.8,5932.9,2670000.0,2015-06-23
5824.0,5987.3,5987.3,5824.0,2360000.0,2015-06-24
5878.5,6259.5,6395.6,5824.0,2190000.0,2015-06-25
5715.2,5851.3,5932.9,5715.2,3710000.0,2015-06-26
5660.7,5688.0,5715.2,5579.1,3150000.0,2015-06-29
5579.1,5660.7,5851.3,5579.1,3360000.0,2015-06-30
5633.5,5606.3,5688.0,5579.1,1870000.0,2015-07-01
5905.7,5497.5,5960.1,5497.5,4960000.0,2015-07-02
6069.0,5932.9,6177.8,5932.9,6470000.0,2015-07-03
6368.3,6123.4,6368.3,6096.2,9260000.0,2015-07-06
6422.8,6368.3,6586.1,6205.0,6450000.0,2015-07-07
6232.3,6313.9,6477.2,6123.4,5320000.0,2015-07-08
6177.8,6150.6,6232.3,6096.2,4230000.0,2015-07-09
6177.8,6177.8,6341.1,6177.8,2510000.0,2015-07-10
6205.0,6177.8,6286.7,6150.6,2240000.0,2015-07-13
6313.9,6232.3,6422.8,6232.3,8450000.0,2015-07-14
6150.6,6368.3,6368.3,6150.6,4260000.0,2015-07-15
6123.4,6123.4,6150.6,6014.5,2740000.0,2015-07-16
5987.3,6096.2,6123.4,5987.3,2730000.0,2015-07-17
5932.9,5960.1,5960.1,5769.6,4370000.0,2015-07-20
5769.6,5851.3,5960.1,5742.4,2480000.0,2015-07-21
6123.4,6341.1,6341.1,5715.2,1930000.0,2015-07-22
5932.9,6177.8,6177.8,5932.9,3280000.0,2015-07-23
5960.1,5932.9,6069.0,5905.7,888760.0,2015-07-24
5987.3,6069.0,6069.0,5960.1,1980000.0,2015-07-27
5960.1,6123.4,6586.1,5878.5,2190000.0,2015-07-28
5905.7,5905.7,5987.3,5905.7,1230000.0,2015-07-29
5905.7,5878.5,5987.3,5851.3,1240000.0,2015-07-30
5878.5,5932.9,5932.9,5878.5,1260000.0,2015-07-31
5660.7,5878.5,5878.5,5579.1,2740000.0,2015-08-03
5606.3,5715.2,5715.2,5606.3,1600000.0,2015-08-04
5688.0,5606.3,5688.0,5606.3,1060000.0,2015-08-05
5579.1,5715.2,5715.2,5579.1,725120.0,2015-08-06
5579.1,5579.1,5660.7,5551.9,810820.0,2015-08-07
5769.6,5579.1,5769.6,5524.7,1060000.0,2015-08-10
5688.0,5796.8,5878.5,5688.0,1140000.0,2015-08-11
5579.1,5688.0,5769.6,5551.9,1810000.0,2015-08-12
5470.2,5551.9,5579.1,5443.0,2030000.0,2015-08-13
5388.6,5470.2,5470.2,5361.4,2840000.0,2015-08-14
5089.2,5388.6,5388.6,5062.0,4140000.0,2015-08-17
5170.9,5062.0,5198.1,4953.2,1920000.0,2015-08-18
5225.3,5170.9,5306.9,5089.2,1330000.0,2015-08-19
5143.7,5279.7,5279.7,5143.7,669650.0,2015-08-20
5143.7,5116.4,5143.7,4980.4,3130000.0,2015-08-21
4653.8,5279.7,5633.5,4653.8,6110000.0,2015-08-24
4844.3,4681.0,4898.7,4517.7,2680000.0,2015-08-25
5007.6,4898.7,5034.8,4844.3,2080000.0,2015-08-26
5062.0,5034.8,5143.7,4953.2,984600.0,2015-08-27
5116.4,5062.0,5116.4,5034.8,2060000.0,2015-08-28
4980.4,5116.4,5143.7,4980.4,685610.0,2015-08-31
4953.2,5007.6,5007.6,4898.7,805560.0,2015-09-01
4925.9,4953.2,5007.6,4898.7,482060.0,2015-09-03
4871.5,4844.3,4953.2,4844.3,477160.0,2015-09-04
4925.9,4871.5,4980.4,4871.5,516990.0,2015-09-07
5170.9,4925.9,5170.9,4898.7,1110000.0,2015-09-08
5306.9,5198.1,5306.9,5198.1,2580000.0,2015-09-09
5225.3,5225.3,5306.9,5116.4,955300.0,2015-09-10
5170.9,5225.3,5252.5,5143.7,593180.0,2015-09-11
5143.7,5198.1,5279.7,5089.2,440210.0,2015-09-14
5089.2,5170.9,5170.9,5034.8,563950.0,2015-09-15
5089.2,5034.8,5116.4,5034.8,351980.0,2015-09-16
5198.1,5143.7,5279.7,5116.4,2380000.0,2015-09-17
5252.5,5252.5,5306.9,5198.1,1070000.0,2015-09-18
5252.5,5252.5,5279.7,5225.3,511710.0,2015-09-21
5225.3,5252.5,5306.9,5225.3,1110000.0,2015-09-22
5252.5,5279.7,5279.7,5170.9,763300.0,2015-09-23
5306.9,5252.5,5551.9,5225.3,3640000.0,2015-09-24
5361.4,5306.9,5361.4,5279.7,1180000.0,2015-09-25
5252.5,5361.4,5415.8,5252.5,974240.0,2015-09-28
5279.7,5225.3,5306.9,5116.4,1100000.0,2015-09-29
5279.7,5306.9,5334.2,5279.7,454140.0,2015-09-30
5279.7,5252.5,5306.9,4762.6,835450.0,2015-10-01
5306.9,5279.7,5306.9,5279.7,583110.0,2015-10-02
5334.2,5306.9,5334.2,5252.5,809120.0,2015-10-05
5497.5,5361.4,5551.9,5361.4,3290000.0,2015-10-06
5415.8,5551.9,5551.9,5415.8,691080.0,2015-10-07
5497.5,5388.6,5633.5,5388.6,1990000.0,2015-10-08
5606.3,5579.1,5633.5,5551.9,2050000.0,2015-10-09
5688.0,5633.5,5688.0,5579.1,1760000.0,2015-10-12
5660.7,5633.5,5660.7,5606.3,847560.0,2015-10-13
5660.7,5633.5,5660.7,5579.1,1090000.0,2015-10-14
5660.7,5606.3,5688.0,5579.1,1360000.0,2015-10-15
5633.5,5688.0,5715.2,5633.5,1590000.0,2015-10-16
5633.5,5524.7,5688.0,5524.7,656930.0,2015-10-19
5606.3,5633.5,5660.7,5551.9,550820.0,2015-10-20
5579.1,5606.3,5660.7,5579.1,1040000.0,2015-10-21
5660.7,5551.9,5660.7,5551.9,647450.0,2015-10-22
5660.7,5660.7,5688.0,5633.5,644540.0,2015-10-23
5688.0,5660.7,5715.2,5660.7,907500.0,2015-10-26
5688.0,5633.5,5688.0,5606.3,266120.0,2015-10-27
5606.3,5606.3,5660.7,5606.3,287320.0,2015-10-28
5660.7,5633.5,5660.7,5606.3,753080.0,2015-10-29
5660.7,5633.5,5715.2,5633.5,616210.0,2015-10-30
5606.3,5660.7,5660.7,5551.9,180970.0,2015-11-02
5606.3,5551.9,5633.5,5551.9,465740.0,2015-11-03
5551.9,5633.5,5633.5,5551.9,419850.0,2015-11-04
5579.1,5551.9,5606.3,5551.9,480270.0,2015-11-05
5606.3,5606.3,5633.5,5497.5,221950.0,2015-11-06
5551.9,5633.5,5633.5,5551.9,230780.0,2015-11-09
5497.5,5851.3,5851.3,5497.5,219310.0,2015-11-10
5415.8,5524.7,5524.7,5415.8,232780.0,2015-11-11
5524.7,5443.0,5524.7,5415.8,706090.0,2015-11-12
5579.1,5524.7,5579.1,5497.5,328300.0,2015-11-13
5497.5,5470.2,5551.9,5443.0,671710.0,2015-11-16
5470.2,5443.0,5524.7,5443.0,384590.0,2015-11-17
5497.5,5470.2,5497.5,5443.0,389940.0,2015-11-18
5470.2,5470.2,5497.5,5443.0,549300.0,2015-11-19
5443.0,5470.2,5470.2,5443.0,194330.0,2015-11-20
5415.8,5443.0,5443.0,5388.6,506970.0,2015-11-23
5334.2,4898.7,5470.2,4898.7,384290.0,2015-11-24
5334.2,5279.7,5415.8,5252.5,323270.0,2015-11-25
5334.2,5306.9,5388.6,5306.9,459580.0,2015-11-26
5279.7,5361.4,5388.6,5279.7,585940.0,2015-11-27
5279.7,5361.4,5361.4,5170.9,240910.0,2015-11-30
5279.7,5306.9,5306.9,5198.1,259990.0,2015-12-01
5306.9,5306.9,5306.9,5252.5,645960.0,2015-12-02
5279.7,5279.7,5334.2,5279.7,442400.0,2015-12-03
5279.7,5279.7,5306.9,5225.3,343600.0,2015-12-04
5279.7,5279.7,5306.9,5279.7,390500.0,2015-12-07
5334.2,5279.7,5334.2,5225.3,729800.0,2015-12-08
5334.2,5279.7,5334.2,5279.7,71710.0,2015-12-09
5252.5,5306.9,5306.9,5225.3,198310.0,2015-12-10
5279.7,5306.9,5306.9,5225.3,156610.0,2015-12-11
5279.7,5225.3,5279.7,5170.9,38020.0,2015-12-14
5252.5,5279.7,5279.7,5252.5,681180.0,2015-12-15
5252.5,5279.7,5334.2,5198.1,849850.0,2015-12-16
5306.9,5252.5,5306.9,5252.5,241340.0,2015-12-17
5225.3,5306.9,5306.9,5225.3,224910.0,2015-12-18
5279.7,5170.9,5306.9,5170.9,237000.0,2015-12-21
5252.5,5279.7,5279.7,5252.5,14660.0,2015-12-22
5225.3,5225.3,5279.7,5198.1,366410.0,2015-12-23
5225.3,5198.1,5252.5,5198.1,170260.0,2015-12-24
5225.3,5198.1,5252.5,5198.1,156700.0,2015-12-25
5252.5,5225.3,5279.7,5198.1,115120.0,2015-12-28
5279.7,5225.3,5306.9,5170.9,244950.0,2015-12-29
5306.9,5279.7,5306.9,5225.3,85350.0,2015-12-30
5388.6,5306.9,5388.6,5306.9,181030.0,2015-12-31
5361.4,5388.6,5388.6,5334.2,133890.0,2016-01-04
5279.7,5334.2,5334.2,5252.5,175180.0,2016-01-05
5306.9,5279.7,5306.9,5252.5,149140.0,2016-01-06
5198.1,5252.5,5279.7,5170.9,345500.0,2016-01-07
5198.1,5170.9,5198.1,5170.9,311620.0,2016-01-08
5170.9,5170.9,5198.1,5143.7,137440.0,2016-01-11
5170.9,5170.9,5252.5,5170.9,176940.0,2016-01-12
5170.9,5252.5,5252.5,5170.9,298940.0,2016-01-13
5170.9,5225.3,5225.3,5143.7,1160000.0,2016-01-14
5198.1,5170.9,5225.3,5170.9,957510.0,2016-01-15
5062.0,5034.8,5143.7,5034.8,1200000.0,2016-01-18
5143.7,5116.4,5143.7,5089.2,264320.0,2016-01-19
5143.7,5143.7,5143.7,5089.2,717770.0,2016-01-20
5143.7,5143.7,5143.7,5034.8,335000.0,2016-01-21
5062.0,5089.2,5116.4,5034.8,108080.0,2016-01-22
5198.1,5089.2,5252.5,5089.2,525500.0,2016-01-25
5170.9,5198.1,5198.1,5089.2,161010.0,2016-01-26
5170.9,5198.1,5198.1,5116.4,567490.0,2016-01-27
5170.9,5688.0,5688.0,5089.2,107520.0,2016-01-28
5170.9,5143.7,5170.9,5116.4,315920.0,2016-01-29
5143.7,5143.7,5170.9,5089.2,583090.0,2016-02-01
5170.9,5116.4,5170.9,5089.2,416790.0,2016-02-02
5170.9,5170.9,5170.9,5143.7,293950.0,2016-02-03
5170.9,5170.9,5170.9,5143.7,441050.0,2016-02-04
5198.1,5143.7,5252.5,5143.7,219600.0,2016-02-05
5170.9,5170.9,5225.3,5116.4,92450.0,2016-02-15
5279.7,5170.9,5306.9,5170.9,419590.0,2016-02-16
5225.3,5279.7,5279.7,5170.9,519900.0,2016-02-17
5225.3,5198.1,5306.9,5198.1,240000.0,2016-02-18
5225.3,5279.7,5279.7,5198.1,595330.0,2016-02-19
5225.3,5170.9,5306.9,5170.9,344440.0,2016-02-22
5225.3,5252.5,5306.9,5225.3,985970.0,2016-02-23
5443.0,4953.2,5497.5,4953.2,2260000.0,2016-02-24
5388.6,5633.5,5878.5,5361.4,625790.0,2016-02-25
5415.8,5388.6,5415.8,5361.4,200970.0,2016-02-26
5361.4,5415.8,5415.8,5306.9,707420.0,2016-02-29
5334.2,5361.4,5388.6,5334.2,516300.0,2016-03-01
5306.9,5334.2,5334.2,5279.7,688010.0,2016-03-02
5306.9,5334.2,5334.2,5252.5,770880.0,2016-03-03
5361.4,5279.7,5361.4,5252.5,390060.0,2016-03-04
5388.6,5306.9,5388.6,5306.9,619850.0,2016-03-07
5170.9,5361.4,5361.4,5170.9,1290000.0,2016-03-08
5279.7,5279.7,5279.7,5198.1,267680.0,2016-03-09
5252.5,5252.5,5279.7,5225.3,469810.0,2016-03-10
5279.7,5225.3,5306.9,5225.3,142120.0,2016-03-11
5198.1,5225.3,5279.7,5198.1,477930.0,2016-03-14
5225.3,5334.2,5334.2,5198.1,276940.0,2016-03-15
5225.3,5252.5,5252.5,5198.1,314310.0,2016-03-16
5198.1,5252.5,5252.5,5170.9,190850.0,2016-03-17
5198.1,5170.9,5225.3,5170.9,180840.0,2016-03-18
5170.9,5143.7,5252.5,4953.2,179820.0,2016-03-21
5143.7,5116.4,5170.9,5089.2,527030.0,2016-03-22
5116.4,5116.4,5143.7,5062.0,1280000.0,2016-03-23
5089.2,5143.7,5143.7,5089.2,220840.0,2016-03-24
5062.0,5170.9,5170.9,5062.0,103910.0,2016-03-25
5062.0,5116.4,5116.4,5034.8,104030.0,2016-03-28
5034.8,5034.8,5062.0,5034.8,267900.0,2016-03-29
4817.1,5089.2,5089.2,4789.9,791520.0,2016-03-30
4980.4,5007.6,5007.6,4898.7,382740.0,2016-03-31
4980.4,5034.8,5089.2,4980.4,461960.0,2016-04-01
4980.4,5034.8,5034.8,4898.7,254650.0,2016-04-04
4898.7,4953.2,4953.2,4898.7,217000.0,2016-04-05
4871.5,4898.7,4898.7,4844.3,606140.0,2016-04-06
4953.2,4898.7,4980.4,4898.7,120290.0,2016-04-07
5034.8,4980.4,5034.8,4953.2,189630.0,2016-04-08
5007.6,5007.6,5007.6,4980.4,180050.0,2016-04-11
4980.4,5007.6,5007.6,4980.4,262780.0,2016-04-12
4925.9,4980.4,4980.4,4898.7,348230.0,2016-04-13
4844.3,4898.7,4953.2,4844.3,329740.0,2016-04-14
4871.5,4980.4,4980.4,4844.3,244640.0,2016-04-15
4844.3,4953.2,4953.2,4817.1,102050.0,2016-04-19
4817.1,4898.7,4898.7,4817.1,268970.0,2016-04-20
4817.1,4817.1,4817.1,4762.6,281400.0,2016-04-21
4953.2,4762.6,4953.2,4762.6,464570.0,2016-04-22
4898.7,4898.7,4980.4,4871.5,70660.0,2016-04-25
4898.7,4898.7,4925.9,4871.5,432520.0,2016-04-26
4844.3,4925.9,4925.9,4844.3,885560.0,2016-04-27
4817.1,4898.7,4898.7,4817.1,144840.0,2016-04-28
4871.5,4817.1,4871.5,4789.9,277320.0,2016-04-29
4871.5,4817.1,4898.7,4789.9,176580.0,2016-05-04
4844.3,4817.1,4871.5,4789.9,557410.0,2016-05-05
4844.3,4871.5,4871.5,4817.1,407960.0,2016-05-06
4898.7,4844.3,4898.7,4817.1,859250.0,2016-05-09
4871.5,4925.9,4925.9,4817.1,340650.0,2016-05-10
4871.5,4871.5,4898.7,4817.1,1330000.0,2016-05-11
5116.4,4898.7,5198.1,4898.7,2090000.0,2016-05-12
5089.2,5116.4,5225.3,5062.0,1120000.0,2016-05-13
5170.9,5062.0,5170.9,5062.0,710860.0,2016-05-16
5170.9,5170.9,5225.3,5116.4,981020.0,2016-05-17
5252.5,5143.7,5388.6,5089.2,1910000.0,2016-05-18
5279.7,5252.5,5279.7,5170.9,377930.0,2016-05-19
5198.1,5170.9,5279.7,5143.7,185000.0,2016-05-20
5034.8,5143.7,5143.7,5034.8,530390.0,2016-05-23
5034.8,5034.8,5089.2,5034.8,752880.0,2016-05-24
5007.6,5034.8,5089.2,5007.6,642040.0,2016-05-25
4980.4,5034.8,5062.0,4953.2,1370000.0,2016-05-26
5034.8,4980.4,5034.8,4980.4,625780.0,2016-05-27
5034.8,5062.0,5062.0,5007.6,331070.0,2016-05-30
5007.6,5116.4,5116.4,5007.6,698810.0,2016-05-31
5034.8,5089.2,5089.2,5007.6,265990.0,2016-06-01
5034.8,5007.6,5062.0,5007.6,182250.0,2016-06-02
5034.8,5034.8,5089.2,5007.6,348120.0,2016-06-03
5089.2,5034.8,5170.9,5034.8,524830.0,2016-06-06
5089.2,5089.2,5089.2,5062.0,102980.0,2016-06-07
5116.4,5089.2,5143.7,5062.0,156920.0,2016-06-08
5143.7,5116.4,5143.7,5089.2,307350.0,2016-06-09
5170.9,5116.4,5198.1,5116.4,302610.0,2016-06-10
5170.9,5143.7,5225.3,5116.4,509450.0,2016-06-13
5198.1,5170.9,5225.3,5143.7,416140.0,2016-06-14
5198.1,5198.1,5198.1,5170.9,188980.0,2016-06-15
5198.1,5198.1,5225.3,5170.9,498750.0,2016-06-16
5198.1,5170.9,5198.1,5170.9,436770.0,2016-06-17
5225.3,5170.9,5225.3,5170.9,182680.0,2016-06-20
5225.3,5198.1,5225.3,5170.9,480160.0,2016-06-21
5225.3,5170.9,5225.3,5170.9,400090.0,2016-06-22
5225.3,5170.9,5225.3,5170.9,229690.0,2016-06-23
5225.3,5170.9,5225.3,4898.7,564770.0,2016-06-24
5198.1,5007.6,5198.1,5007.6,376640.0,2016-06-27
5170.9,5062.0,5170.9,5062.0,68510.0,2016-06-28
5170.9,5089.2,5170.9,5089.2,241310.0,2016-06-29
5170.9,5170.9,5170.9,5116.4,76050.0,2016-06-30
5170.9,5089.2,5170.9,5062.0,590600.0,2016-07-01
5034.8,5089.2,5089.2,5007.6,1060000.0,2016-07-04
5034.8,5034.8,5089.2,4980.4,825040.0,2016-07-05
5034.8,5034.8,5034.8,4980.4,440490.0,2016-07-06
5089.2,5034.8,5143.7,5034.8,169480.0,2016-07-07
5089.2,5089.2,5089.2,5034.8,783820.0,2016-07-08
5034.8,5062.0,5089.2,5034.8,941320.0,2016-07-11
5034.8,5034.8,5034.8,4980.4,98370.0,2016-07-12
5170.9,5034.8,5279.7,5034.8,1610000.0,2016-07-13
5170.9,5170.9,5306.9,5170.9,3140000.0,2016-07-14
5170.9,5252.5,5252.5,5143.7,804330.0,2016-07-15
5143.7,5116.4,5143.7,5034.8,217290.0,2016-07-18
5034.8,5143.7,5143.7,4925.9,1710000.0,2016-07-19
5034.8,5034.8,5034.8,4980.4,400930.0,2016-07-20
4980.4,5062.0,5089.2,4980.4,423320.0,2016-07-21
4925.9,4980.4,4980.4,4925.9,259480.0,2016-07-22
4925.9,4925.9,4980.4,4898.7,270440.0,2016-07-25
4871.5,4925.9,4953.2,4871.5,526710.0,2016-07-26
4871.5,4871.5,4925.9,4871.5,217860.0,2016-07-27
4871.5,4898.7,4898.7,4844.3,122730.0,2016-07-28
4925.9,4871.5,4925.9,4844.3,507650.0,2016-07-29
4844.3,4898.7,4925.9,4844.3,143510.0,2016-08-01
4762.6,4844.3,4844.3,4762.6,282010.0,2016-08-02
4708.2,4762.6,4762.6,4708.2,276860.0,2016-08-03
4762.6,4762.6,4817.1,4735.4,405150.0,2016-08-04
4789.9,4762.6,4817.1,4735.4,258380.0,2016-08-05
4789.9,4789.9,4789.9,4735.4,255530.0,2016-08-08
4789.9,4789.9,4817.1,4762.6,119370.0,2016-08-09
4817.1,4817.1,4817.1,4762.6,500760.0,2016-08-10
4817.1,4817.1,4817.1,4789.9,58930.0,2016-08-11
4817.1,4844.3,4871.5,4789.9,178210.0,2016-08-12
4762.6,4789.9,4817.1,4762.6,146730.0,2016-08-15
4844.3,4762.6,4898.7,4762.6,391470.0,2016-08-16
4817.1,4844.3,4844.3,4789.9,430940.0,2016-08-17
4789.9,4817.1,4898.7,4789.9,418210.0,2016-08-18
4789.9,4789.9,4789.9,4762.6,464140.0,2016-08-19
4762.6,4762.6,4789.9,4762.6,238800.0,2016-08-22
4789.9,4762.6,4789.9,4735.4,369360.0,2016-08-23
4762.6,4789.9,4817.1,4762.6,196560.0,2016-08-24
4844.3,4789.9,4844.3,4762.6,316210.0,2016-08-25
4871.5,4762.6,4871.5,4762.6,274660.0,2016-08-26
4844.3,4871.5,4871.5,4844.3,491690.0,2016-08-29
4844.3,4844.3,4844.3,4844.3,205260.0,2016-08-30
4898.7,4871.5,4898.7,4844.3,708560.0,2016-08-31
4871.5,4898.7,4898.7,4871.5,299090.0,2016-09-01
4844.3,4844.3,4844.3,4817.1,289320.0,2016-09-05
4871.5,4844.3,4871.5,4844.3,369670.0,2016-09-06
4844.3,4844.3,4871.5,4817.1,137570.0,2016-09-07
4844.3,4817.1,4844.3,4789.9,143020.0,2016-09-08
4817.1,4708.2,4844.3,4708.2,34730.0,2016-09-09
4789.9,4789.9,4789.9,4735.4,504470.0,2016-09-12
4762.6,4762.6,4789.9,4735.4,281810.0,2016-09-13
4735.4,4762.6,4762.6,4708.2,556780.0,2016-09-14
4708.2,4708.2,4735.4,4653.8,590080.0,2016-09-15
4708.2,4653.8,4708.2,4626.6,441070.0,2016-09-16
4653.8,4681.0,4708.2,4653.8,145470.0,2016-09-19
4653.8,4653.8,4708.2,4626.6,433170.0,2016-09-20
4735.4,4653.8,4817.1,4653.8,667020.0,2016-09-21
4708.2,4762.6,4762.6,4708.2,191990.0,2016-09-22
4735.4,4681.0,4735.4,4681.0,199580.0,2016-09-23
4681.0,4735.4,4735.4,4681.0,202760.0,2016-09-26
4708.2,4653.8,4735.4,4653.8,413320.0,2016-09-27
4953.2,4681.0,4953.2,4681.0,3530000.0,2016-09-28
4980.4,4980.4,5007.6,4953.2,1520000.0,2016-09-29
4980.4,4980.4,5007.6,4925.9,1040000.0,2016-09-30
5062.0,5007.6,5252.5,4980.4,2150000.0,2016-10-03
5198.1,5062.0,5279.7,5062.0,2680000.0,2016-10-04
5306.9,5198.1,5361.4,5198.1,2390000.0,2016-10-05
5306.9,5334.2,5334.2,5225.3,1640000.0,2016-10-06
5170.9,5252.5,5279.7,5089.2,1740000.0,2016-10-07
5170.9,5170.9,5252.5,5143.7,2190000.0,2016-10-10
5170.9,5170.9,5252.5,5143.7,1200000.0,2016-10-11
5252.5,5198.1,5388.6,5170.9,2730000.0,2016-10-12
5279.7,5225.3,5306.9,5225.3,1090000.0,2016-10-13
5252.5,5279.7,5306.9,5252.5,1470000.0,2016-10-14
5198.1,5225.3,5225.3,5198.1,1400000.0,2016-10-17
5225.3,5198.1,5225.3,5170.9,1410000.0,2016-10-18
5334.2,5225.3,5388.6,5225.3,3290000.0,2016-10-19
5306.9,5334.2,5361.4,5252.5,649760.0,2016-10-20
5279.7,5306.9,5306.9,5252.5,424330.0,2016-10-21
5170.9,5252.5,5279.7,5170.9,1600000.0,2016-10-24
5225.3,5170.9,5225.3,5116.4,839350.0,2016-10-25
5198.1,5225.3,5225.3,5170.9,453460.0,2016-10-26
5225.3,5198.1,5225.3,5170.9,679520.0,2016-10-27
5279.7,5198.1,5279.7,5170.9,401190.0,2016-10-28
5170.9,5252.5,5279.7,5170.9,738460.0,2016-10-31
5225.3,5170.9,5252.5,5170.9,904710.0,2016-11-01
5198.1,5198.1,5225.3,5170.9,274650.0,2016-11-02
5170.9,5198.1,5198.1,5116.4,968340.0,2016-11-03
5170.9,5170.9,5170.9,5143.7,190970.0,2016-11-04
5198.1,5170.9,5198.1,5143.7,517970.0,2016-11-07
5170.9,5198.1,5198.1,5170.9,883620.0,2016-11-08
5089.2,5170.9,5170.9,4898.7,1880000.0,2016-11-09
5198.1,5089.2,5225.3,5089.2,550670.0,2016-11-10
5198.1,5198.1,5225.3,5170.9,661560.0,2016-11-11
5170.9,5198.1,5198.1,5170.9,697120.0,2016-11-14
5198.1,5225.3,5225.3,5170.9,540320.0,2016-11-15
5143.7,5198.1,5198.1,5143.7,607860.0,2016-11-16
5170.9,5170.9,5198.1,5170.9,796320.0,2016-11-17
5143.7,5170.9,5170.9,5143.7,854320.0,2016-11-18
5170.9,5198.1,5225.3,5170.9,168810.0,2016-11-21
5198.1,5198.1,5198.1,5170.9,1060000.0,2016-11-22
5252.5,5198.1,5252.5,5198.1,678450.0,2016-11-23
5279.7,5252.5,5279.7,5225.3,568390.0,2016-11-24
5279.7,5198.1,5279.7,5198.1,660610.0,2016-11-25
5198.1,5279.7,5306.9,5198.1,406220.0,2016-11-28
5198.1,5170.9,5198.1,5170.9,863430.0,2016-11-29
5198.1,5170.9,5225.3,5170.9,556120.0,2016-11-30
5388.6,5268.8,5418.5,5268.8,1280000.0,2016-12-01
5298.8,5388.6,5388.6,5238.9,237270.0,2016-12-02
5238.9,5328.7,5328.7,5238.9,163890.0,2016-12-05
5119.2,5298.8,5328.7,5119.2,800960.0,2016-12-06
5029.4,5119.2,5119.2,4969.5,755230.0,2016-12-07
5029.4,5149.1,5149.1,5029.4,735030.0,2016-12-08
5119.2,5059.3,5149.1,5029.4,344220.0,2016-12-09
5089.2,5119.2,5119.2,5059.3,101810.0,2016-12-12
4969.5,5089.2,5089.2,4969.5,418190.0,2016-12-13
4969.5,5029.4,5089.2,4969.5,313270.0,2016-12-14
4999.4,5089.2,5089.2,4969.5,474110.0,2016-12-15
5149.1,5089.2,5149.1,5029.4,376830.0,2016-12-16
5089.2,5209.0,5209.0,5089.2,777180.0,2016-12-19
5089.2,5119.2,5119.2,5059.3,912320.0,2016-12-20
5358.7,5119.2,5448.5,5119.2,3140000.0,2016-12-21
5328.7,5358.7,5388.6,5238.9,1440000.0,2016-12-22
5179.0,5238.9,5328.7,5149.1,1300000.0,2016-12-23
5328.7,5209.0,5328.7,5179.0,475130.0,2016-12-26
5209.0,5238.9,5328.7,5209.0,1070000.0,2016-12-27
5238.9,5268.8,5268.8,5238.9,737140.0,2016-12-28
5268.8,5209.0,5328.7,5179.0,1330000.0,2016-12-29
5268.8,5298.8,5328.7,5238.9,442780.0,2016-12-30
5688.0,5298.8,5688.0,5298.8,5380000.0,2017-01-03
5717.9,5688.0,5837.6,5688.0,2470000.0,2017-01-04
5717.9,5747.8,5777.8,5658.0,1580000.0,2017-01-05
6017.3,5717.9,6256.8,5658.0,4710000.0,2017-01-06
6226.8,6017.3,6256.8,6017.3,3240000.0,2017-01-09
6286.7,6226.8,6316.6,6077.1,3150000.0,2017-01-10
6466.3,6226.8,6526.2,6226.8,4840000.0,2017-01-11
6466.3,6436.4,6645.9,6376.5,3870000.0,2017-01-12
6436.4,6406.4,6586.1,6346.6,4110000.0,2017-01-13
6526.2,6436.4,6526.2,6376.5,1920000.0,2017-01-16
6885.4,6586.1,6975.2,6556.1,4670000.0,2017-01-17
6915.4,6885.4,7095.0,6855.5,4540000.0,2017-01-18
6885.4,6915.4,7005.2,6795.6,1810000.0,2017-01-19
6915.4,6885.4,7095.0,6885.4,2050000.0,2017-01-20
6855.5,6915.4,6915.4,6705.8,2900000.0,2017-01-23
7035.1,6855.5,7124.9,6765.7,2410000.0,2017-01-24
7065.0,7005.2,7065.0,6915.4,1460000.0,2017-01-25
7124.9,7065.0,7154.9,6855.5,2320000.0,2017-02-02
7244.7,7124.9,7334.5,7124.9,3760000.0,2017-02-03
7065.0,7244.7,7274.6,7035.1,5900000.0,2017-02-06
7095.0,7124.9,7244.7,7005.2,2740000.0,2017-02-07
7095.0,7095.0,7154.9,6975.2,2090000.0,2017-02-08
7095.0,7095.0,7095.0,7035.1,1610000.0,2017-02-09
7154.9,7095.0,7214.7,7095.0,7870000.0,2017-02-10
7035.1,7214.7,7214.7,6975.2,3680000.0,2017-02-13
7035.1,7035.1,7065.0,6945.3,2110000.0,2017-02-14
6975.2,7035.1,7095.0,6945.3,5740000.0,2017-02-15
6795.6,7005.2,7035.1,6795.6,5540000.0,2017-02-16
6795.6,6735.7,6885.4,6735.7,2960000.0,2017-02-17
6795.6,6795.6,6915.4,6765.7,4040000.0,2017-02-20
6795.6,6795.6,6855.5,6765.7,3310000.0,2017-02-21
6765.7,6795.6,6795.6,6616.0,2980000.0,2017-02-22
6765.7,6765.7,6765.7,6675.9,2000000.0,2017-02-23
6795.6,6795.6,7065.0,6765.7,6820000.0,2017-02-24
6855.5,6795.6,6885.4,6795.6,2180000.0,2017-02-27
6855.5,6885.4,6915.4,6795.6,1650000.0,2017-02-28
6765.7,6825.6,6825.6,6645.9,3170000.0,2017-03-01
6735.7,6765.7,6765.7,6645.9,1190000.0,2017-03-02
6825.6,6735.7,6825.6,6586.1,2200000.0,2017-03-03
6765.7,6855.5,6915.4,6765.7,2560000.0,2017-03-06
6735.7,6825.6,6825.6,6705.8,1150000.0,2017-03-07
6975.2,6735.7,7184.8,6675.9,11020000.0,2017-03-08
7005.2,6975.2,7154.9,6975.2,8350000.0,2017-03-09
7095.0,6975.2,7184.8,6975.2,13350000.0,2017-03-10
6855.5,7095.0,7095.0,6855.5,10520000.0,2017-03-13
6825.6,6855.5,6945.3,6795.6,3490000.0,2017-03-14
6915.4,6825.6,7005.2,6675.9,6150000.0,2017-03-15
6945.3,6945.3,7005.2,6915.4,6180000.0,2017-03-16
7005.2,7005.2,7304.5,6885.4,17800000.0,2017-03-17
7154.9,7035.1,7184.8,7005.2,17120000.0,2017-03-20
7484.2,7214.7,7514.1,7184.8,35470000.0,2017-03-21
7484.2,7484.2,7663.8,7454.2,15360000.0,2017-03-22
7454.2,7484.2,7514.1,7364.4,10310000.0,2017-03-23
7633.8,7454.2,7753.6,7424.3,24260000.0,2017-03-24
7544.0,7633.8,7753.6,7454.2,15530000.0,2017-03-27
7394.3,7544.0,7574.0,7364.4,12970000.0,2017-03-28
7364.4,7424.3,7454.2,7274.6,15680000.0,2017-03-29
7394.3,7364.4,7484.2,7334.5,8810000.0,2017-03-30
7334.5,7424.3,7484.2,7304.5,7930000.0,2017-03-31
7484.2,7334.5,7484.2,7214.7,15240000.0,2017-04-03
7574.0,7514.1,7693.7,7454.2,14310000.0,2017-04-04
7544.0,7574.0,7693.7,7514.1,9760000.0,2017-04-05
7424.3,7544.0,7544.0,7364.4,8870000.0,2017-04-07
7304.5,7424.3,7484.2,7244.7,13940000.0,2017-04-10
7095.0,7304.5,7304.5,7095.0,11520000.0,2017-04-11
6915.4,7095.0,7154.9,6885.4,13990000.0,2017-04-12
6885.4,6915.4,7035.1,6885.4,6490000.0,2017-04-13
6855.5,6885.4,6945.3,6735.7,9590000.0,2017-04-14
6735.7,6855.5,6975.2,6735.7,5980000.0,2017-04-17
6855.5,6765.7,6855.5,6675.9,6570000.0,2017-04-18
6795.6,6855.5,6855.5,6795.6,3020000.0,2017-04-19
6795.6,6795.6,6885.4,6765.7,3440000.0,2017-04-20
6795.6,6795.6,6825.6,6735.7,3900000.0,2017-04-21
6735.7,6735.7,6795.6,6735.7,3480000.0,2017-04-24
6616.0,6675.9,6765.7,6616.0,6000000.0,2017-04-25
6795.6,6675.9,6825.6,6616.0,3950000.0,2017-04-26
6795.6,6795.6,6885.4,6765.7,2900000.0,2017-04-27
6945.3,6765.7,7005.2,6645.9,10650000.0,2017-04-28
7124.9,6945.3,7154.9,6945.3,8760000.0,2017-05-03
7124.9,7154.9,7184.8,7065.0,5050000.0,2017-05-04
7035.1,7124.9,7184.8,7005.2,5150000.0,2017-05-05
6915.4,7005.2,7065.0,6885.4,4460000.0,2017-05-08
7095.0,6915.4,7124.9,6885.4,6260000.0,2017-05-09
7095.0,7154.9,7184.8,7065.0,5750000.0,2017-05-10
7005.2,7095.0,7154.9,7005.2,4090000.0,2017-05-11
7065.0,7065.0,7095.0,7005.2,4710000.0,2017-05-12
7035.1,7065.0,7095.0,6975.2,5200000.0,2017-05-15
7154.9,6975.2,7274.6,6975.2,13580000.0,2017-05-16
7304.5,7154.9,7304.5,7154.9,8230000.0,2017-05-17
7334.5,7304.5,7514.1,7244.7,14830000.0,2017-05-18
7394.3,7334.5,7514.1,7274.6,11290000.0,2017-05-19
7514.1,7394.3,7693.7,7394.3,27090000.0,2017-05-22
7334.5,7544.0,7603.9,7334.5,10540000.0,2017-05-23
7544.0,7334.5,7633.8,7334.5,9160000.0,2017-05-24
7514.1,7574.0,7723.7,7514.1,14970000.0,2017-05-25
7484.2,7514.1,7544.0,7454.2,6450000.0,2017-05-26
7514.1,7424.3,7633.8,7424.3,8130000.0,2017-05-29
7484.2,7514.1,7663.8,7454.2,10930000.0,2017-05-30
7484.2,7454.2,7603.9,7454.2,6040000.0,2017-05-31
7424.3,7484.2,7603.9,7424.3,7390000.0,2017-06-01
7394.3,7424.3,7454.2,7304.5,7880000.0,2017-06-02
7424.3,7394.3,7544.0,7394.3,6920000.0,2017-06-05
7574.0,7544.0,7574.0,7454.2,9310000.0,2017-06-06
7903.3,7633.8,7993.1,7544.0,32330000.0,2017-06-07
7813.5,7903.3,7963.1,7753.6,5990000.0,2017-06-08
7843.4,7783.5,7933.2,7783.5,5460000.0,2017-06-09
7783.5,7843.4,7903.3,7753.6,9060000.0,2017-06-12
7933.2,7783.5,8023.0,7753.6,8550000.0,2017-06-13
7993.1,7963.1,8053.0,7933.2,7000000.0,2017-06-14
7903.3,7993.1,8023.0,7903.3,6770000.0,2017-06-15
7903.3,7903.3,7933.2,7873.3,3590000.0,2017-06-16
7963.1,7963.1,7993.1,7903.3,8380000.0,2017-06-19
8023.0,7993.1,8112.8,7993.1,6710000.0,2017-06-20
7873.3,8023.0,8053.0,7813.5,13050000.0,2017-06-21
7813.5,7873.3,7933.2,7813.5,6650000.0,2017-06-22
7693.7,7783.5,7813.5,7663.8,9630000.0,2017-06-23
7813.5,7693.7,7843.4,7693.7,4010000.0,2017-06-26
7753.6,7783.5,7843.4,7723.7,2270000.0,2017-06-27
7723.7,7723.7,7783.5,7663.8,2880000.0,2017-06-28
7783.5,7723.7,7813.5,7723.7,3100000.0,2017-06-29
7753.6,7813.5,7843.4,7753.6,2220000.0,2017-06-30
7903.3,7783.5,7993.1,7783.5,9460000.0,2017-07-03
7843.4,7903.3,7963.1,7813.5,3050000.0,2017-07-04
7933.2,7843.4,7963.1,7813.5,4980000.0,2017-07-05
7933.2,7933.2,7963.1,7873.3,4800000.0,2017-07-06
7933.2,7933.2,8053.0,7873.3,8880000.0,2017-07-07
7753.6,7933.2,7963.1,7723.7,8880000.0,2017-07-10
7753.6,7753.6,7783.5,7693.7,5220000.0,2017-07-11
7753.6,7753.6,7843.4,7753.6,3880000.0,2017-07-12
7753.6,7753.6,7783.5,7693.7,2460000.0,2017-07-13
7723.7,7783.5,7783.5,7693.7,1230000.0,2017-07-14
7454.2,7723.7,7723.7,7454.2,10560000.0,2017-07-17
7514.1,7454.2,7574.0,7424.3,7450000.0,2017-07-18
7514.1,7514.1,7574.0,7514.1,1950000.0,2017-07-19
7544.0,7514.1,7544.0,7454.2,2440000.0,2017-07-20
7484.2,7544.0,7574.0,7484.2,1190000.0,2017-07-21
7394.3,7484.2,7484.2,7304.5,3730000.0,2017-07-24
7514.1,7454.2,7514.1,7424.3,2700000.0,2017-07-25
7663.8,7514.1,7693.7,7514.1,2180000.0,2017-07-26
7603.9,7574.0,7693.7,7514.1,1940000.0,2017-07-27
7723.7,7633.8,7753.6,7633.8,2400000.0,2017-07-28
7783.5,7783.5,7843.4,7723.7,5240000.0,2017-07-31
7813.5,7813.5,7933.2,7813.5,5230000.0,2017-08-01
7813.5,7753.6,7813.5,7693.7,5270000.0,2017-08-02
7783.5,7813.5,7813.5,7723.7,3130000.0,2017-08-03
7723.7,7723.7,7753.6,7693.7,4010000.0,2017-08-04
7783.5,7723.7,7873.3,7723.7,4940000.0,2017-08-07
7783.5,7903.3,7933.2,7753.6,1280000.0,2017-08-08
7663.8,7783.5,7783.5,7603.9,5510000.0,2017-08-09
7603.9,7603.9,7693.7,7574.0,3810000.0,2017-08-10
7603.9,7633.8,7633.8,7574.0,2590000.0,2017-08-11
7693.7,7574.0,7693.7,7574.0,2200000.0,2017-08-14
7723.7,7693.7,7753.6,7693.7,2670000.0,2017-08-15
7753.6,7723.7,7753.6,7693.7,1630000.0,2017-08-16
7663.8,7783.5,7813.5,7663.8,1850000.0,2017-08-17
7693.7,7633.8,7693.7,7544.0,3930000.0,2017-08-18
7843.4,7693.7,8023.0,7693.7,14740000.0,2017-08-21
7843.4,7873.3,7933.2,7783.5,3290000.0,2017-08-22
7903.3,7813.5,7933.2,7813.5,2470000.0,2017-08-23
8202.6,7903.3,8262.5,7903.3,24230000.0,2017-08-24
8262.5,8202.6,8472.1,8202.6,6760000.0,2017-08-25
8531.9,8262.5,8591.8,8262.5,8850000.0,2017-08-28
8561.9,8531.9,8831.3,8412.2,14260000.0,2017-08-29
8531.9,8561.9,8651.7,8472.1,5520000.0,2017-08-30
8591.8,8561.9,8831.3,8561.9,7740000.0,2017-08-31
8561.9,8591.8,8621.8,8442.1,2370000.0,2017-09-01
8681.6,8561.9,8741.5,8561.9,3310000.0,2017-09-05
8651.7,8711.6,8711.6,8591.8,2090000.0,2017-09-06
8561.9,8651.7,8711.6,8531.9,3920000.0,2017-09-07
8412.2,8561.9,8591.8,8382.3,4460000.0,2017-09-08
8232.6,8382.3,8531.9,8232.6,7120000.0,2017-09-11
8322.4,8232.6,8412.2,8202.6,4130000.0,2017-09-12
8502.0,8352.3,8502.0,8322.4,2260000.0,2017-09-13
8442.1,8472.1,8531.9,8412.2,6660000.0,2017-09-14
8412.2,8442.1,8531.9,8382.3,5370000.0,2017-09-15
8442.1,8412.2,8561.9,8412.2,4090000.0,2017-09-18
8412.2,8442.1,8591.8,8412.2,4450000.0,2017-09-19
8412.2,8472.1,8502.0,8412.2,2950000.0,2017-09-20
8502.0,8472.1,8561.9,8382.3,4640000.0,2017-09-21
8741.5,8502.0,8771.4,8502.0,13220000.0,2017-09-22
9010.9,8741.5,9100.7,8681.6,11300000.0,2017-09-25
9160.6,9070.8,9220.5,9010.9,9240000.0,2017-09-26
9010.9,9130.7,9130.7,8981.0,3850000.0,2017-09-27
9070.8,9909.0,9909.0,8981.0,4090000.0,2017-09-28
9160.6,9070.8,9190.5,9010.9,3080000.0,2017-09-29
9100.7,9190.5,9190.5,9070.8,2520000.0,2017-10-02
9070.8,9040.9,9130.7,8951.1,4570000.0,2017-10-03
9250.4,9070.8,9250.4,9070.8,6470000.0,2017-10-04
9130.7,9250.4,9400.1,9130.7,10190000.0,2017-10-05
9370.2,9130.7,9400.1,9130.7,9230000.0,2017-10-06
9549.8,9370.2,9669.5,9370.2,10230000.0,2017-10-09
9549.8,9280.4,9669.5,9280.4,5570000.0,2017-10-10
9579.7,9579.7,9639.6,9519.8,6060000.0,2017-10-11
9519.8,9579.7,9609.7,9489.9,4630000.0,2017-10-12
9699.5,9549.8,9729.4,9430.0,5850000.0,2017-10-13
9789.3,9699.5,9819.2,9669.5,4420000.0,2017-10-16
9819.2,9789.3,9819.2,9759.3,3190000.0,2017-10-17
9849.2,9939.0,10058.7,9819.2,7590000.0,2017-10-18
9699.5,9849.2,9879.1,9639.6,6490000.0,2017-10-19
9489.9,9699.5,9729.4,9430.0,7780000.0,2017-10-20
9190.5,9489.9,9489.9,9190.5,8690000.0,2017-10-23
9310.3,8292.4,9340.2,8292.4,8690000.0,2017-10-24
9549.8,9340.2,9609.7,9280.4,3680000.0,2017-10-25
9430.0,9549.8,9609.7,9400.1,6430000.0,2017-10-26
9549.8,9430.0,9549.8,9340.2,3040000.0,2017-10-27
9370.2,9609.7,9699.5,9370.2,6680000.0,2017-10-30
9160.6,9549.8,9549.8,9070.8,7900000.0,2017-10-31
9190.5,9160.6,9280.4,9160.6,3190000.0,2017-11-01
8921.1,9190.5,9220.5,8921.1,10830000.0,2017-11-02
9100.7,8921.1,9130.7,8771.4,7170000.0,2017-11-03
9220.5,8981.0,9250.4,8981.0,2670000.0,2017-11-06
9220.5,9220.5,9310.3,9190.5,4110000.0,2017-11-07
9400.1,9250.4,9400.1,9220.5,4480000.0,2017-11-08
9430.0,9400.1,9489.9,9340.2,3910000.0,2017-11-09
9579.7,9430.0,9669.5,9430.0,7620000.0,2017-11-10
9519.8,9609.7,9669.5,9489.9,6220000.0,2017-11-13
9639.6,9519.8,9849.2,9460.0,6180000.0,2017-11-14
9729.4,9819.2,9879.1,9639.6,4930000.0,2017-11-15
9909.0,9759.3,9939.0,9729.4,14030000.0,2017-11-16
9909.0,9939.0,9998.8,9759.3,7640000.0,2017-11-17
9819.2,9909.0,9939.0,9699.5,4760000.0,2017-11-20
9819.2,9819.2,10028.8,9729.4,6710000.0,2017-11-21
10148.5,9789.3,10148.5,9579.7,9710000.0,2017-11-22
10178.5,10148.5,10417.9,10088.6,8420000.0,2017-11-23
10208.4,10238.3,10238.3,10028.8,5130000.0,2017-11-24
10238.3,10208.4,10358.1,10118.6,5920000.0,2017-11-27
10178.5,10178.5,10328.1,10118.6,4970000.0,2017-11-28
10328.1,10178.5,10358.1,10178.5,4900000.0,2017-11-29
10447.9,10417.9,10627.5,10358.1,13190000.0,2017-11-30
10537.7,10477.8,10567.6,10417.9,7360000.0,2017-12-01
10926.9,10537.7,10956.8,10537.7,9450000.0,2017-12-04
10477.8,10956.8,10956.8,10477.8,8190000.0,2017-12-05
10447.9,10447.9,10627.5,10328.1,9810000.0,2017-12-06
10837.1,10447.9,10837.1,10447.9,8300000.0,2017-12-07
10777.2,10837.1,10837.1,10687.4,3400000.0,2017-12-08
10597.6,10747.3,10747.3,10477.8,7890000.0,2017-12-11
10358.1,10567.6,10657.4,9549.8,22150000.0,2017-12-12
10118.6,10358.1,10417.9,9879.1,5370000.0,2017-12-13
10238.3,10118.6,10268.3,10058.7,6130000.0,2017-12-14
10238.3,10238.3,10328.1,10148.5,3810000.0,2017-12-15
10507.8,10328.1,10537.7,10328.1,6250000.0,2017-12-18
10417.9,10597.6,10597.6,10388.0,6640000.0,2017-12-19
10417.9,10417.9,10597.6,10388.0,14050000.0,2017-12-20
10388.0,10537.7,10537.7,10388.0,14480000.0,2017-12-21
10358.1,10388.0,10447.9,10298.2,6930000.0,2017-12-22
10328.1,10358.1,10477.8,10268.3,10830000.0,2017-12-25
10388.0,10328.1,10388.0,10238.3,16380000.0,2017-12-26
10926.9,10388.0,10986.7,10388.0,22270000.0,2017-12-27
11016.7,10956.8,11106.5,10956.8,19020000.0,2017-12-28
11046.6,11076.6,11226.2,10956.8,14920000.0,2017-12-29
11615.4,11076.6,11645.3,11016.7,12220000.0,2018-01-02
11585.5,11615.4,11705.2,11375.9,16890000.0,2018-01-03
11615.4,11585.5,11645.3,11495.7,21260000.0,2018-01-04
11615.4,11675.3,11825.0,11495.7,21560000.0,2018-01-05
12004.6,11615.4,12004.6,11615.4,12960000.0,2018-01-08
12064.5,12034.5,12184.2,11675.3,15850000.0,2018-01-09
11914.8,12124.3,12184.2,11795.0,15490000.0,2018-01-10
11974.7,11914.8,11974.7,11675.3,16450000.0,2018-01-11
11705.2,11974.7,12034.5,11645.3,25280000.0,2018-01-12
11675.3,11705.2,11765.1,11465.7,11250000.0,2018-01-15
11615.4,11675.3,11765.1,11525.6,11310000.0,2018-01-16
11675.3,11615.4,12034.5,11585.5,13630000.0,2018-01-17
11825.0,11465.7,11825.0,11465.7,12470000.0,2018-01-18
11825.0,11854.9,12094.4,11735.2,15620000.0,2018-01-19
12034.5,11825.0,12124.3,11825.0,15180000.0,2018-01-22
12393.8,12124.3,12513.5,12034.5,26470000.0,2018-01-23
12304.0,12483.6,12663.2,12304.0,13830000.0,2018-01-24
12513.5,12333.9,12782.9,12064.5,28160000.0,2018-01-25
12603.3,12573.4,12723.1,12363.8,16600000.0,2018-01-26
12573.4,12573.4,12812.9,12543.4,16490000.0,2018-01-29
12453.6,12543.4,12543.4,12333.9,13120000.0,2018-01-30
12483.6,12453.6,12723.1,12423.7,21500000.0,2018-01-31
12274.0,12483.6,12543.4,12184.2,21490000.0,2018-02-01
12423.7,12274.0,12483.6,12244.1,12730000.0,2018-02-02
11974.7,12453.6,12603.3,11944.7,16930000.0,2018-02-05
11645.3,11555.5,11825.0,10807.1,24480000.0,2018-02-06
12184.2,11705.2,12543.4,11705.2,8770000.0,2018-02-07
11825.0,12184.2,12333.9,11825.0,6720000.0,2018-02-08
11944.7,10926.9,12034.5,10926.9,12900000.0,2018-02-09
12573.4,12184.2,12573.4,12184.2,7180000.0,2018-02-12
13082.3,12723.1,13202.1,12573.4,18220000.0,2018-02-13
13321.8,13082.3,13561.3,13082.3,11030000.0,2018-02-21
13232.0,13411.6,13471.5,13142.2,11710000.0,2018-02-22
13381.7,13232.0,13471.5,13142.2,13810000.0,2018-02-23
13561.3,13411.6,13830.7,13411.6,33570000.0,2018-02-26
13890.6,13591.2,13920.5,13531.4,13720000.0,2018-02-27
14070.2,13920.5,14190.0,13711.0,14280000.0,2018-02-28
13770.9,14070.2,14219.9,13681.0,17970000.0,2018-03-01
13920.5,13770.9,13980.4,13531.4,17580000.0,2018-03-02
13172.1,13920.5,14100.2,13172.1,20610000.0,2018-03-05
13740.9,13172.1,13740.9,13142.2,14300000.0,2018-03-06
13531.4,13770.9,13890.6,13441.5,16760000.0,2018-03-07
13561.3,13711.0,13711.0,13471.5,13500000.0,2018-03-08
14010.3,13621.2,14040.3,13591.2,16130000.0,2018-03-09
14549.2,14070.2,14549.2,14070.2,16520000.0,2018-03-12
14728.8,14579.1,14728.8,14369.6,12300000.0,2018-03-13
14728.8,15118.0,15267.7,14668.9,9940000.0,2018-03-14
14788.7,14758.8,14848.6,14549.2,13470000.0,2018-03-15
15088.1,14908.4,15177.9,14818.6,13910000.0,2018-03-16
15477.2,15267.7,15477.2,15147.9,16330000.0,2018-03-19
15938.3,15641.9,15971.2,15477.2,13820000.0,2018-03-20
15773.6,15938.3,16070.0,15641.9,19090000.0,2018-03-21
15477.2,15773.6,15839.5,15411.4,17890000.0,2018-03-22
15147.9,15477.2,15477.2,14654.0,19550000.0,2018-03-23
15576.0,15147.9,15576.0,15016.2,8550000.0,2018-03-26
15641.9,15674.8,15905.3,15543.1,10040000.0,2018-03-27
15444.3,15609.0,15674.8,15378.4,6910000.0,2018-03-28
15345.5,15543.1,15543.1,15345.5,6190000.0,2018-03-29
15378.4,15147.9,15444.3,15147.9,6350000.0,2018-03-30
16201.7,15411.4,16201.7,15411.4,13280000.0,2018-04-02
16135.8,16201.7,16300.5,15971.2,10860000.0,2018-04-03
16168.8,16135.8,16399.3,16102.9,10800000.0,2018-04-04
16399.3,16201.7,16399.3,16135.8,11950000.0,2018-04-05
16761.5,16432.2,16926.2,16399.3,16700000.0,2018-04-06
16827.4,16794.4,16959.1,16596.9,10550000.0,2018-04-09
16629.8,16860.3,16992.0,16498.1,13820000.0,2018-04-10
16070.0,16629.8,16761.5,16070.0,19370000.0,2018-04-11
16432.2,15839.5,16432.2,15839.5,10950000.0,2018-04-12
15971.2,16465.1,16596.9,15938.3,9420000.0,2018-04-13
16004.1,15938.3,16168.8,15707.7,8460000.0,2018-04-16
16300.5,16004.1,16300.5,15905.3,9480000.0,2018-04-17
16102.9,16300.5,16563.9,16037.1,9830000.0,2018-04-18
15707.7,15806.5,16135.8,15543.1,15020000.0,2018-04-19
15839.5,15806.5,15905.3,15609.0,10480000.0,2018-04-20
14654.0,15938.3,16070.0,14489.3,24730000.0,2018-04-23
14621.0,14686.9,14950.4,14225.9,11120000.0,2018-04-24
13369.7,14654.0,14654.0,13336.8,22120000.0,2018-04-26
13962.4,12052.5,14489.3,12052.5,14170000.0,2018-04-27
13830.7,14160.0,14193.0,13666.1,8110000.0,2018-05-02
14324.7,13040.4,14423.5,13040.4,11220000.0,2018-05-03
14357.6,14324.7,14555.2,14225.9,8900000.0,2018-05-04
15147.9,14390.5,15147.9,14357.6,13180000.0,2018-05-07
14950.4,15147.9,15213.8,14917.4,8210000.0,2018-05-08
14621.0,14950.4,14950.4,14522.3,9000000.0,2018-05-09
13962.4,14621.0,14752.8,13830.7,13780000.0,2018-05-10
14489.3,13962.4,14555.2,13666.1,11980000.0,2018-05-11
14588.1,14522.3,14686.9,14324.7,3760000.0,2018-05-14
14654.0,14686.9,14917.4,14489.3,8760000.0,2018-05-15
14160.0,14588.1,16102.9,14160.0,11960000.0,2018-05-16
14127.1,13995.4,14357.6,13995.4,6150000.0,2018-05-17
14094.2,14127.1,14291.7,13534.3,8220000.0,2018-05-18
13896.6,14193.0,14258.8,13896.6,5800000.0,2018-05-21
13534.3,13830.7,13830.7,13205.0,14680000.0,2018-05-22
13666.1,13567.3,13666.1,13238.0,8640000.0,2018-05-23
13501.4,13731.9,13731.9,13468.5,4130000.0,2018-05-24
13172.1,13501.4,13666.1,13139.2,10230000.0,2018-05-25
11920.8,13007.5,13106.3,11854.9,20170000.0,2018-05-28
12941.6,10735.3,13040.4,10735.3,14260000.0,2018-05-29
12645.2,13007.5,13073.3,12612.3,9260000.0,2018-05-30
13172.1,12645.2,13172.1,12579.4,10810000.0,2018-05-31
13336.8,13172.1,13567.3,12974.5,16410000.0,2018-06-01
13830.7,13172.1,13830.7,13007.5,16840000.0,2018-06-04
13731.9,13830.7,13929.5,13600.2,14250000.0,2018-06-05
14258.8,13731.9,14324.7,13600.2,17210000.0,2018-06-06
13962.4,14258.8,14357.6,13962.4,15830000.0,2018-06-07
14193.0,13962.4,14291.7,13929.5,11240000.0,2018-06-08
14028.3,14225.9,14423.5,13929.5,12540000.0,2018-06-11
13699.0,14489.3,14489.3,13303.8,21080000.0,2018-06-12
13666.1,13731.9,13896.6,13501.4,7100000.0,2018-06-13
13369.7,13666.1,13830.7,13369.7,11530000.0,2018-06-14
13600.2,13435.6,13699.0,13238.0,9990000.0,2018-06-15
13106.3,13633.1,13764.9,13073.3,15420000.0,2018-06-18
12842.8,13106.3,13106.3,12151.3,26250000.0,2018-06-19
12974.5,12842.8,13106.3,12711.1,8850000.0,2018-06-20
12579.4,13007.5,13007.5,12546.4,4810000.0,2018-06-21
12974.5,12546.4,13007.5,12348.9,8010000.0,2018-06-22
12941.6,12875.7,13238.0,12546.4,8530000.0,2018-06-25
12744.0,12941.6,12941.6,12645.2,6780000.0,2018-06-26
12348.9,12842.8,12908.7,12348.9,8170000.0,2018-06-27
11887.8,12348.9,12348.9,11822.0,15410000.0,2018-06-28
11723.2,11920.8,12118.3,11690.3,9210000.0,2018-06-29
10965.8,11723.2,11723.2,10801.1,20830000.0,2018-07-02
10208.4,10998.7,11196.3,10076.7,22400000.0,2018-07-03
10537.7,10043.7,10537.7,10043.7,12530000.0,2018-07-04
9846.2,10307.2,10537.7,9714.4,15030000.0,2018-07-05
10801.1,9549.8,10801.1,9549.8,23850000.0,2018-07-06
10867.0,10867.0,11229.2,10801.1,13930000.0,2018-07-09
11163.4,10867.0,11262.2,10834.1,9850000.0,2018-07-10
10504.8,10998.7,11031.6,10208.4,21330000.0,2018-07-11
10899.9,11525.6,11525.6,10504.8,12610000.0,2018-07-12
11262.2,10899.9,11361.0,10208.4,11970000.0,2018-07-13
11361.0,11361.0,11591.5,11262.2,11450000.0,2018-07-16
11723.2,11822.0,11822.0,11163.4,15590000.0,2018-07-17
11920.8,11854.9,12019.6,11525.6,13240000.0,2018-07-18
11657.3,11920.8,11920.8,11591.5,19250000.0,2018-07-19
12118.3,11657.3,12118.3,11393.9,27100000.0,2018-07-20
11756.1,12151.3,12184.2,11756.1,15090000.0,2018-07-23
11591.5,11756.1,12348.9,11361.0,13330000.0,2018-07-24
11196.3,12348.9,12348.9,11196.3,13600000.0,2018-07-25
11459.7,10076.7,11756.1,10076.7,19210000.0,2018-07-26
11723.2,11525.6,11822.0,11492.7,13010000.0,2018-07-27
11887.8,11756.1,12019.6,11723.2,10470000.0,2018-07-30
11789.0,11854.9,12019.6,11723.2,12660000.0,2018-07-31
11690.3,11789.0,11887.8,11558.5,10240000.0,2018-08-01
11690.3,11690.3,11723.2,11426.8,13810000.0,2018-08-02
11690.3,11789.0,11986.6,11690.3,11440000.0,2018-08-03
11591.5,11690.3,11789.0,11492.7,7220000.0,2018-08-06
11690.3,11624.4,11789.0,11492.7,10140000.0,2018-08-07
12085.4,11723.2,12085.4,11690.3,18480000.0,2018-08-08
12118.3,12085.4,12381.8,12085.4,18290000.0,2018-08-09
12283.0,12118.3,12283.0,11920.8,15000000.0,2018-08-10
12546.4,12283.0,12546.4,12118.3,22300000.0,2018-08-13
12348.9,12645.2,12645.2,12348.9,10120000.0,2018-08-14
12184.2,12414.7,12546.4,12151.3,18370000.0,2018-08-15
12118.3,12118.3,12250.1,11854.9,20360000.0,2018-08-16
12118.3,12118.3,12381.8,12118.3,9600000.0,2018-08-17
12085.4,12151.3,12283.0,12019.6,9870000.0,2018-08-20
12480.6,12085.4,12480.6,12085.4,15680000.0,2018-08-21
12447.7,12513.5,12645.2,12414.7,13750000.0,2018-08-22
12579.4,12480.6,12612.3,12414.7,9160000.0,2018-08-23
12777.0,12579.4,12941.6,12480.6,23120000.0,2018-08-24
12777.0,12842.8,13007.5,12777.0,9660000.0,2018-08-27
12809.9,12809.9,12908.7,12777.0,15670000.0,2018-08-28
12941.6,12941.6,13007.5,12777.0,14020000.0,2018-08-29
13073.3,12974.5,13073.3,12908.7,12790000.0,2018-08-30
12875.7,13073.3,13073.3,12809.9,13020000.0,2018-08-31
12513.5,12809.9,12842.8,12447.7,18110000.0,2018-09-04
12381.8,12480.6,12612.3,12250.1,14600000.0,2018-09-05
12383.4,12875.7,12951.5,12345.6,8360000.0,2018-09-06
12648.5,12383.4,12648.5,12383.4,6560000.0,2018-09-07
12421.3,12648.5,12648.5,11663.9,8320000.0,2018-09-10
12497.0,12383.4,12572.8,12383.4,10290000.0,2018-09-11
12459.2,12572.8,12610.7,12459.2,7830000.0,2018-09-12
12648.5,12497.0,12800.0,12459.2,16900000.0,2018-09-13
12762.1,12648.5,12837.9,12648.5,10930000.0,2018-09-14
12572.8,12762.1,12762.1,12572.8,5040000.0,2018-09-17
12686.4,12497.0,12686.4,12459.2,6370000.0,2018-09-18
12686.4,12724.3,12837.9,12648.5,7390000.0,2018-09-19
12800.0,12686.4,12837.9,12648.5,9170000.0,2018-09-20
13027.2,12837.9,13027.2,12800.0,19260000.0,2018-09-21
12989.4,13065.1,13140.8,12989.4,7410000.0,2018-09-24
12875.7,12951.5,13103.0,12875.7,10560000.0,2018-09-25
12837.9,12875.7,13027.2,12800.0,7700000.0,2018-09-26
12837.9,12837.9,12913.6,12762.1,7770000.0,2018-09-27
12913.6,12875.7,13065.1,12837.9,9990000.0,2018-09-28
12762.1,12913.6,13027.2,12762.1,8510000.0,2018-10-01
12610.7,12762.1,12800.0,12497.0,13790000.0,2018-10-02
12686.4,12875.7,12875.7,12572.8,5160000.0,2018-10-03
12875.7,12686.4,12951.5,12686.4,8400000.0,2018-10-04
12724.3,12875.7,12951.5,12724.3,11050000.0,2018-10-05
12762.1,12686.4,12837.9,12648.5,5740000.0,2018-10-08
12762.1,12762.1,12837.9,12724.3,7950000.0,2018-10-09
12724.3,12762.1,12837.9,12686.4,7400000.0,2018-10-10
11739.7,12610.7,12610.7,11512.4,24800000.0,2018-10-11
12118.4,11588.2,12118.4,11361.0,13000000.0,2018-10-12
11739.7,12194.1,12194.1,11739.7,6350000.0,2018-10-15
11853.3,11739.7,11929.0,11739.7,5130000.0,2018-10-16
11929.0,12004.7,12118.4,11891.1,6050000.0,2018-10-17
11739.7,11929.0,11929.0,11701.8,4470000.0,2018-10-18
11739.7,11701.8,12118.4,11436.7,5770000.0,2018-10-19
11663.9,11739.7,11853.3,11663.9,4350000.0,2018-10-22
11209.5,11663.9,11663.9,11171.6,10720000.0,2018-10-23
11095.9,11209.5,11474.6,11095.9,9030000.0,2018-10-24
10944.4,10944.4,11133.7,10452.1,13590000.0,2018-10-25
10717.2,11020.1,11323.1,10717.2,7620000.0,2018-10-26
10603.6,10717.2,10755.0,10414.2,10560000.0,2018-10-29
10792.9,10603.6,11020.1,10527.8,9570000.0,2018-10-30
11474.6,10830.8,11474.6,10830.8,12660000.0,2018-10-31
11095.9,11474.6,11588.2,11095.9,7670000.0,2018-11-01
11512.4,11171.6,11512.4,11171.6,11530000.0,2018-11-02
11436.7,11512.4,11550.3,11209.5,8160000.0,2018-11-05
11133.7,11436.7,11512.4,11133.7,7020000.0,2018-11-06
11095.9,11171.6,11247.3,10982.3,7780000.0,2018-11-07
11133.7,11247.3,11361.0,11095.9,6890000.0,2018-11-08
10868.6,11133.7,11209.5,10868.6,7870000.0,2018-11-09
10868.6,10868.6,10906.5,10717.2,4690000.0,2018-11-12
10717.2,10830.8,10830.8,10603.6,7270000.0,2018-11-13
10452.1,10679.3,10792.9,10376.3,8690000.0,2018-11-14
10414.2,10262.7,10641.4,10262.7,7130000.0,2018-11-15
10792.9,10414.2,10944.4,10414.2,9290000.0,2018-11-16
10982.3,10717.2,10982.3,10717.2,5910000.0,2018-11-19
10944.4,10982.3,10982.3,10830.8,5730000.0,2018-11-20
10944.4,10830.8,10982.3,10717.2,6490000.0,2018-11-21
11133.7,11323.1,11398.8,11020.1,11630000.0,2018-11-22
10982.3,11171.6,11171.6,10982.3,7100000.0,2018-11-23
11020.1,10792.9,11020.1,10792.9,4310000.0,2018-11-26
10906.5,11020.1,11095.9,10830.8,6870000.0,2018-11-27
11133.7,10149.1,11171.6,10149.1,8370000.0,2018-11-28
11171.6,11171.6,11361.0,11171.6,9360000.0,2018-11-29
11285.2,10414.2,11398.8,10414.2,7850000.0,2018-11-30
11853.3,11323.1,11853.3,11323.1,12390000.0,2018-12-03
11777.5,11853.3,11966.9,11663.9,7400000.0,2018-12-04
11739.7,11701.8,11815.4,11512.4,9100000.0,2018-12-05
11663.9,11663.9,11853.3,11588.2,8830000.0,2018-12-06
11588.2,11701.8,11853.3,11588.2,6040000.0,2018-12-07
11550.3,11550.3,11701.8,11323.1,7050000.0,2018-12-10
11588.2,10414.2,11739.7,10414.2,6560000.0,2018-12-11
11701.8,11474.6,11701.8,11474.6,3060000.0,2018-12-12
11626.0,11739.7,11777.5,11626.0,4680000.0,2018-12-13
11512.4,11626.0,11626.0,11512.4,5540000.0,2018-12-14
11209.5,11474.6,11512.4,11209.5,7250000.0,2018-12-17
11209.5,11133.7,11209.5,10982.3,7110000.0,2018-12-18
11209.5,12307.7,12307.7,11058.0,3490000.0,2018-12-19
11209.5,11133.7,11247.3,11095.9,3090000.0,2018-12-20
11133.7,11171.6,11171.6,11020.1,4410000.0,2018-12-21
10982.3,10603.6,11171.6,10603.6,5910000.0,2018-12-24
10906.5,10906.5,10906.5,10641.4,11380000.0,2018-12-25
10868.6,9846.2,10982.3,9846.2,4010000.0,2018-12-26
11133.7,11133.7,11247.3,10982.3,6360000.0,2018-12-27
11209.5,11171.6,11209.5,10982.3,5790000.0,2018-12-28
11058.0,11209.5,11209.5,10944.4,2910000.0,2019-01-02
10641.4,9959.8,11020.1,9959.8,5170000.0,2019-01-03
10717.2,10603.6,10792.9,10452.1,7320000.0,2019-01-04
10868.6,10944.4,10944.4,10792.9,3450000.0,2019-01-07
10792.9,11891.1,11891.1,10792.9,2230000.0,2019-01-08
10982.3,10830.8,11020.1,10792.9,5800000.0,2019-01-09
10944.4,10982.3,11020.1,10944.4,3640000.0,2019-01-10
10944.4,10982.3,11020.1,10906.5,3300000.0,2019-01-11
10868.6,10906.5,10944.4,10868.6,2470000.0,2019-01-14
11020.1,10679.3,11020.1,10035.5,2380000.0,2019-01-15
10906.5,11020.1,11095.9,10906.5,1350000.0,2019-01-16
10944.4,10944.4,11020.1,10906.5,1950000.0,2019-01-17
10830.8,10982.3,10982.3,10755.0,3730000.0,2019-01-18
11171.6,10868.6,11361.0,10868.6,5490000.0,2019-01-21
11020.1,11247.3,11285.2,11020.1,4870000.0,2019-01-22
11020.1,10982.3,11058.0,10944.4,3060000.0,2019-01-23
11058.0,11058.0,11171.6,10982.3,4600000.0,2019-01-24
11058.0,11285.2,11285.2,11020.1,2210000.0,2019-01-25
10944.4,11058.0,11095.9,10603.6,2630000.0,2019-01-28
10982.3,10906.5,10982.3,10830.8,2880000.0,2019-01-29
11095.9,11739.7,11739.7,10982.3,4130000.0,2019-01-30
11133.7,11209.5,11285.2,11095.9,4420000.0,2019-01-31
11171.6,11133.7,11209.5,11095.9,2060000.0,2019-02-01
11436.7,11285.2,11701.8,11209.5,4530000.0,2019-02-11
11550.3,11436.7,11588.2,11436.7,5440000.0,2019-02-12
11550.3,11588.2,11626.0,11474.6,5530000.0,2019-02-13
11398.8,11550.3,11550.3,11398.8,3590000.0,2019-02-14
11436.7,11398.8,11512.4,11361.0,5750000.0,2019-02-15
11512.4,11436.7,11550.3,11436.7,5040000.0,2019-02-18
11474.6,11550.3,11550.3,11436.7,7270000.0,2019-02-19
11512.4,11474.6,11550.3,11436.7,4470000.0,2019-02-20
11398.8,11512.4,11626.0,11398.8,7840000.0,2019-02-21
11550.3,11436.7,11663.9,11361.0,10490000.0,2019-02-22
11739.7,11626.0,11891.1,11550.3,10230000.0,2019-02-25
11663.9,11663.9,11815.4,11588.2,6010000.0,2019-02-26
11588.2,11663.9,11701.8,11550.3,4080000.0,2019-02-27
11247.3,11663.9,11663.9,11247.3,10020000.0,2019-02-28
11361.0,11285.2,11398.8,11171.6,3910000.0,2019-03-01
11512.4,11361.0,11550.3,11323.1,8240000.0,2019-03-04
11474.6,11512.4,11626.0,11398.8,6510000.0,2019-03-05
11474.6,11436.7,11512.4,11361.0,3110000.0,2019-03-06
11550.3,11512.4,11626.0,11474.6,8720000.0,2019-03-07
11474.6,11512.4,11588.2,11436.7,3740000.0,2019-03-08
11512.4,11474.6,11588.2,11436.7,2730000.0,2019-03-11
11701.8,11550.3,11701.8,11474.6,6610000.0,2019-03-12
11891.1,11777.5,12004.7,11701.8,14450000.0,2019-03-13
11929.0,11891.1,12118.4,11853.3,6160000.0,2019-03-14
12004.7,11966.9,12042.6,11853.3,7000000.0,2019-03-15
12080.5,12042.6,12194.1,12004.7,9880000.0,2019-03-18
11853.3,12118.4,12118.4,11815.4,7470000.0,2019-03-19
11739.7,11891.1,11891.1,11626.0,8300000.0,2019-03-20
11512.4,11739.7,11891.1,11512.4,7760000.0,2019-03-21
11550.3,11512.4,11626.0,11512.4,4800000.0,2019-03-22
11398.8,11512.4,11512.4,11323.1,6010000.0,2019-03-25
11474.6,11436.7,11512.4,11398.8,4070000.0,2019-03-26
11512.4,11512.4,11588.2,11436.7,2260000.0,2019-03-27
11474.6,11512.4,11550.3,11436.7,3610000.0,2019-03-28
11474.6,11474.6,11550.3,11436.7,5060000.0,2019-03-29
11474.6,11474.6,11550.3,11474.6,1990000.0,2019-04-01
11474.6,11550.3,11626.0,11474.6,3130000.0,2019-04-02
11398.8,11550.3,11550.3,11323.1,3680000.0,2019-04-03
11436.7,11323.1,11474.6,11323.1,2880000.0,2019-04-04
11436.7,11436.7,11512.4,11398.8,2030000.0,2019-04-05
11663.9,11436.7,11701.8,11436.7,5870000.0,2019-04-08
11550.3,11663.9,11739.7,11550.3,4760000.0,2019-04-09
11436.7,11474.6,11550.3,11436.7,2290000.0,2019-04-10
11474.6,11588.2,11588.2,11398.8,2390000.0,2019-04-11
11436.7,11436.7,11474.6,11361.0,2780000.0,2019-04-12
11361.0,11436.7,11436.7,11285.2,3510000.0,2019-04-16
11323.1,11398.8,11474.6,11323.1,1820000.0,2019-04-17
11247.3,11095.9,11361.0,11095.9,2690000.0,2019-04-18
11209.5,11285.2,11323.1,11209.5,1580000.0,2019-04-19
11095.9,11247.3,11247.3,11020.1,3600000.0,2019-04-22
11209.5,11133.7,11323.1,11020.1,4360000.0,2019-04-23
11398.8,11247.3,11436.7,11171.6,2810000.0,2019-04-24
11361.0,11398.8,11512.4,11323.1,1970000.0,2019-04-25
11398.8,11361.0,11436.7,11323.1,2970000.0,2019-04-26
11247.3,11436.7,11474.6,11247.3,3000000.0,2019-05-02
11361.0,11285.2,11361.0,11285.2,2940000.0,2019-05-03
11133.7,11361.0,11361.0,11133.7,3650000.0,2019-05-06
11171.6,11361.0,11361.0,11058.0,2300000.0,2019-05-07
11171.6,11095.9,11209.5,11020.1,2690000.0,2019-05-08
11020.1,11133.7,11171.6,11020.1,1590000.0,2019-05-09
11095.9,11020.1,11133.7,10982.3,1710000.0,2019-05-10
11058.0,11133.7,11209.5,11058.0,2410000.0,2019-05-13
11020.1,11058.0,11095.9,10944.4,4230000.0,2019-05-14
11171.6,11020.1,11247.3,11020.1,3410000.0,2019-05-15
11095.9,11209.5,11209.5,11058.0,3870000.0,2019-05-16
11058.0,11095.9,11133.7,11058.0,2250000.0,2019-05-17
11095.9,11095.9,11171.6,11020.1,1780000.0,2019-05-20
11133.7,11133.7,11247.3,11095.9,3660000.0,2019-05-21
11209.5,11133.7,11323.1,11133.7,3370000.0,2019-05-22
11171.6,11323.1,11361.0,11095.9,1670000.0,2019-05-23
11058.0,10300.6,11171.6,10300.6,2350000.0,2019-05-24
10982.3,11020.1,11058.0,10982.3,2410000.0,2019-05-27
10944.4,10982.3,11058.0,10944.4,2490000.0,2019-05-28
11058.0,10944.4,11058.0,10868.6,2860000.0,2019-05-29
11020.1,11020.1,11058.0,10982.3,1920000.0,2019-05-30
10982.3,10982.3,11020.1,10868.6,2710000.0,2019-05-31
10868.6,10868.6,10982.3,10830.8,3040000.0,2019-06-03
10830.8,10868.6,10982.3,10830.8,2300000.0,2019-06-04
10944.4,10830.8,10944.4,10830.8,2790000.0,2019-06-05
10792.9,10944.4,10944.4,10755.0,2410000.0,2019-06-06
10868.6,10792.9,10906.5,10792.9,744890.0,2019-06-07
10830.8,10868.6,10944.4,10830.8,1220000.0,2019-06-10
10830.8,10830.8,10868.6,10830.8,1490000.0,2019-06-11
10792.9,10830.8,10868.6,10792.9,1470000.0,2019-06-12
10830.8,10792.9,10868.6,10792.9,2240000.0,2019-06-13
10868.6,10830.8,10982.3,10830.8,2770000.0,2019-06-14
10868.6,10868.6,10944.4,10830.8,2370000.0,2019-06-17
10944.4,10868.6,10982.3,10868.6,2030000.0,2019-06-18
10944.4,10944.4,11020.1,10906.5,1340000.0,2019-06-19
11209.5,10944.4,11209.5,10906.5,3790000.0,2019-06-20
11171.6,11209.5,11361.0,11133.7,2180000.0,2019-06-21
11171.6,11171.6,11247.3,11133.7,3750000.0,2019-06-24
11058.0,11171.6,11209.5,10982.3,3520000.0,2019-06-25
10982.3,10982.3,11058.0,10982.3,1030000.0,2019-06-26
10830.8,10982.3,11020.1,10830.8,2310000.0,2019-06-27
10944.4,10830.8,10944.4,10792.9,1770000.0,2019-06-28
11058.0,11133.7,11133.7,10982.3,1690000.0,2019-07-01
10944.4,11058.0,11058.0,10944.4,1030000.0,2019-07-02
10906.5,10982.3,11020.1,10868.6,1700000.0,2019-07-03
11058.0,10944.4,11095.9,10944.4,2440000.0,2019-07-04
11058.0,11095.9,11133.7,11020.1,2110000.0,2019-07-05
10982.3,11058.0,11133.7,10944.4,1130000.0,2019-07-08
11285.2,10982.3,11285.2,10982.3,7340000.0,2019-07-09
11209.5,11285.2,11361.0,11209.5,2960000.0,2019-07-10
11436.7,11209.5,11512.4,11209.5,5500000.0,2019-07-11
11398.8,11474.6,11512.4,11361.0,2350000.0,2019-07-12
11361.0,11398.8,11436.7,11323.1,2460000.0,2019-07-15
11436.7,11361.0,11512.4,11361.0,3160000.0,2019-07-16
11626.0,11436.7,11701.8,11436.7,6620000.0,2019-07-17
11663.9,11512.4,11663.9,11436.7,4230000.0,2019-07-18
11815.4,12118.4,12118.4,11663.9,7600000.0,2019-07-19
11739.7,12989.4,12989.4,11626.0,5030000.0,2019-07-22
11663.9,11739.7,11777.5,11626.0,5150000.0,2019-07-23
11626.0,11663.9,11777.5,11474.6,10460000.0,2019-07-24
11667.7,11716.9,11864.6,11667.7,4260000.0,2019-07-25
11520.0,11716.9,11716.9,11470.8,2140000.0,2019-07-26
11323.1,11421.5,11520.0,11273.8,2560000.0,2019-07-29
11273.8,11224.6,11470.8,11224.6,2230000.0,2019-07-30
11224.6,11372.3,11372.3,11175.4,1820000.0,2019-07-31
11076.9,11175.4,11323.1,11027.7,3870000.0,2019-08-01
10978.5,11076.9,11126.2,10830.8,3600000.0,2019-08-02
10830.8,10978.5,10978.5,10732.3,5160000.0,2019-08-05
10683.1,10092.3,10781.5,10092.3,3700000.0,2019-08-06
10633.8,10732.3,10830.8,10633.8,2100000.0,2019-08-07
10830.8,10141.5,10830.8,9846.2,2170000.0,2019-08-08
10781.5,10535.4,10978.5,10535.4,1470000.0,2019-08-09
10830.8,10830.8,10830.8,10732.3,1170000.0,2019-08-12
10781.5,10781.5,10830.8,10633.8,1170000.0,2019-08-13
10683.1,10830.8,10929.2,10683.1,1840000.0,2019-08-14
10683.1,10683.1,10683.1,10486.2,2990000.0,2019-08-15
10781.5,10781.5,10880.0,10584.6,3120000.0,2019-08-16
10830.8,10830.8,10978.5,10781.5,2460000.0,2019-08-19
10929.2,10880.0,10978.5,10880.0,2680000.0,2019-08-20
10978.5,10929.2,11027.7,10880.0,5670000.0,2019-08-21
11175.4,11076.9,11224.6,11027.7,3360000.0,2019-08-22
11126.2,11175.4,11224.6,11027.7,1660000.0,2019-08-23
11076.9,11076.9,11076.9,10880.0,2060000.0,2019-08-26
11076.9,11027.7,11126.2,10978.5,2060000.0,2019-08-27
10929.2,11027.7,11076.9,10929.2,1040000.0,2019-08-28
10880.0,10978.5,11027.7,10830.8,1290000.0,2019-08-29
10929.2,10978.5,11076.9,10880.0,1110000.0,2019-08-30
10880.0,10929.2,11027.7,10781.5,984950.0,2019-09-03
10830.8,10880.0,10880.0,10732.3,742060.0,2019-09-04
10830.8,10880.0,10880.0,10781.5,1270000.0,2019-09-05
10781.5,10830.8,10880.0,10683.1,1050000.0,2019-09-06
10781.5,10732.3,10830.8,10683.1,750570.0,2019-09-09
10683.1,10781.5,10781.5,10633.8,1670000.0,2019-09-10
10732.3,10683.1,10732.3,10633.8,873210.0,2019-09-11
10929.2,10781.5,10929.2,10732.3,1260000.0,2019-09-12
11126.2,10978.5,11126.2,10880.0,2690000.0,2019-09-13
11027.7,11126.2,11175.4,10978.5,2520000.0,2019-09-16
10978.5,11027.7,11027.7,10880.0,2420000.0,2019-09-17
11027.7,10978.5,11126.2,10929.2,3130000.0,2019-09-18
11372.3,11027.7,11421.5,10978.5,6950000.0,2019-09-19
11421.5,11569.2,12504.6,11372.3,5150000.0,2019-09-20
11470.8,11421.5,11618.5,11372.3,5850000.0,2019-09-23
11421.5,11470.8,11520.0,11372.3,2690000.0,2019-09-24
11323.1,11372.3,11421.5,11273.8,3090000.0,2019-09-25
11470.8,11323.1,11470.8,11273.8,4710000.0,2019-09-26
11421.5,12307.7,12307.7,11421.5,4390000.0,2019-09-27
11520.0,11470.8,11618.5,11421.5,4680000.0,2019-09-30
11667.7,11520.0,11667.7,11470.8,3750000.0,2019-10-01
11618.5,11569.2,11716.9,11569.2,4390000.0,2019-10-02
11618.5,11569.2,11618.5,11470.8,3770000.0,2019-10-03
11618.5,11618.5,11716.9,11569.2,3210000.0,2019-10-04
11421.5,11618.5,11618.5,11421.5,3920000.0,2019-10-07
11470.8,11421.5,11520.0,11372.3,2360000.0,2019-10-08
11667.7,11520.0,11667.7,11470.8,3480000.0,2019-10-09
11815.4,11667.7,11963.1,11667.7,9870000.0,2019-10-10
11815.4,11815.4,11913.8,11766.2,3100000.0,2019-10-11
12061.5,11815.4,12061.5,11815.4,7190000.0,2019-10-14
12012.3,12061.5,12110.8,11963.1,4730000.0,2019-10-15
12012.3,12061.5,12110.8,12012.3,4210000.0,2019-10-16
12012.3,11963.1,12012.3,11864.6,3890000.0,2019-10-17
11864.6,12061.5,12061.5,11815.4,3790000.0,2019-10-18
11520.0,11815.4,11913.8,11520.0,5570000.0,2019-10-21
11569.2,11520.0,11569.2,11470.8,3370000.0,2019-10-22
11569.2,11569.2,11667.7,11569.2,2000000.0,2019-10-23
11618.5,11618.5,11618.5,11520.0,1870000.0,2019-10-24
11618.5,11618.5,11618.5,11520.0,2250000.0,2019-10-25
11667.7,11618.5,11766.2,11618.5,2210000.0,2019-10-28
11667.7,11716.9,11766.2,11618.5,3460000.0,2019-10-29
11963.1,11716.9,12012.3,11618.5,15090000.0,2019-10-30
11864.6,11963.1,12012.3,11864.6,2630000.0,2019-10-31
11913.8,11667.7,11963.1,11667.7,3870000.0,2019-11-01
12110.8,11913.8,12160.0,11913.8,8000000.0,2019-11-04
12110.8,12160.0,12258.5,12110.8,7270000.0,2019-11-05
12110.8,12209.2,12209.2,12061.5,5090000.0,2019-11-06
12110.8,12110.8,12160.0,12061.5,4270000.0,2019-11-07
12209.2,12258.5,12356.9,12110.8,7970000.0,2019-11-08
12160.0,12209.2,12258.5,12160.0,3490000.0,2019-11-11
12160.0,12160.0,12160.0,12061.5,3200000.0,2019-11-12
12307.7,12160.0,12455.4,12160.0,7260000.0,2019-11-13
12061.5,12307.7,12356.9,12061.5,4650000.0,2019-11-14
12012.3,12012.3,12110.8,12012.3,3360000.0,2019-11-15
11864.6,12012.3,12061.5,11815.4,5610000.0,2019-11-18
11913.8,11864.6,11913.8,11815.4,2840000.0,2019-11-19
11766.2,11963.1,11963.1,11766.2,2760000.0,2019-11-20
11815.4,10830.8,11864.6,10830.8,3620000.0,2019-11-21
11421.5,11815.4,11815.4,11372.3,6830000.0,2019-11-22
11520.0,11470.8,11618.5,11421.5,3960000.0,2019-11-25
11618.5,11569.2,11667.7,11569.2,1170000.0,2019-11-26
11421.5,11618.5,11667.7,11421.5,1940000.0,2019-11-27
11273.8,11470.8,11470.8,11224.6,3430000.0,2019-11-28
11372.3,11273.8,11372.3,11224.6,1630000.0,2019-11-29
11126.2,11372.3,11421.5,11076.9,3330000.0,2019-12-02
11126.2,11175.4,11273.8,11027.7,2890000.0,2019-12-03
11372.3,11175.4,11372.3,11076.9,2670000.0,2019-12-04
11323.1,11421.5,11421.5,11273.8,2520000.0,2019-12-05
11323.1,11323.1,11372.3,11273.8,1420000.0,2019-12-06
11273.8,11323.1,11323.1,11175.4,1650000.0,2019-12-09
11224.6,11273.8,11323.1,11126.2,1170000.0,2019-12-10
11273.8,11224.6,11273.8,11126.2,1600000.0,2019-12-11
11323.1,11273.8,11372.3,11273.8,1330000.0,2019-12-12
11421.5,11323.1,11470.8,11323.1,2940000.0,2019-12-13
11323.1,11421.5,11421.5,11323.1,1930000.0,2019-12-16
11224.6,11323.1,11323.1,11224.6,1910000.0,2019-12-17
11076.9,11175.4,11224.6,11076.9,2300000.0,2019-12-18
11076.9,11126.2,11126.2,11027.7,1270000.0,2019-12-19
11175.4,11126.2,11175.4,11076.9,2120000.0,2019-12-20
11224.6,11175.4,11323.1,11175.4,3630000.0,2019-12-23
11175.4,11273.8,11273.8,11175.4,1670000.0,2019-12-24
11273.8,11224.6,11273.8,11126.2,2280000.0,2019-12-25
11126.2,11224.6,11224.6,11126.2,1820000.0,2019-12-26
11175.4,11126.2,11175.4,11076.9,1840000.0,2019-12-27
11175.4,11175.4,11273.8,11126.2,2780000.0,2019-12-30
11224.6,11175.4,11273.8,11076.9,3350000.0,2019-12-31
11323.1,11224.6,11323.1,11175.4,2360000.0,2020-01-02
11323.1,11323.1,11421.5,11273.8,2140000.0,2020-01-03
11076.9,11323.1,11323.1,11076.9,2610000.0,2020-01-06
11076.9,11076.9,11175.4,11076.9,2130000.0,2020-01-07
10880.0,11076.9,11076.9,10830.8,4680000.0,2020-01-08
11027.7,10929.2,11126.2,10929.2,2890000.0,2020-01-09
11175.4,11076.9,11372.3,11076.9,4820000.0,2020-01-10
11273.8,11273.8,11273.8,11175.4,3090000.0,2020-01-13
11569.2,11273.8,11569.2,11273.8,5790000.0,2020-01-14
11470.8,11569.2,11569.2,11421.5,2350000.0,2020-01-15
11766.2,11470.8,11815.4,11470.8,5730000.0,2020-01-16
11716.9,11815.4,11864.6,11667.7,5500000.0,2020-01-17
11963.1,11716.9,12160.0,11716.9,9030000.0,2020-01-20
12061.5,12061.5,12160.0,11963.1,3610000.0,2020-01-21
12061.5,12110.8,12110.8,11963.1,3200000.0,2020-01-22
11618.5,11913.8,11963.1,11421.5,8630000.0,2020-01-30
11323.1,11569.2,11716.9,11273.8,8620000.0,2020-01-31
11126.2,10978.5,11323.1,10683.1,9000000.0,2020-02-03
11421.5,11273.8,11421.5,11076.9,4870000.0,2020-02-04
11323.1,11520.0,11569.2,11273.8,5670000.0,2020-02-05
11815.4,11372.3,11815.4,11323.1,6060000.0,2020-02-06
11716.9,11815.4,11864.6,11618.5,4080000.0,2020-02-07
11618.5,11716.9,11766.2,11520.0,2580000.0,2020-02-10
11667.7,11618.5,11716.9,11569.2,3780000.0,2020-02-11
12603.1,11716.9,12652.3,11716.9,21360000.0,2020-02-12
12553.8,12603.1,12652.3,12356.9,7660000.0,2020-02-13
12996.9,12553.8,13193.9,12553.8,16290000.0,2020-02-14
12996.9,12947.7,13144.6,12800.0,7650000.0,2020-02-17
13095.4,12996.9,13341.5,12947.7,12780000.0,2020-02-18
12947.7,13046.2,13144.6,12750.8,10340000.0,2020-02-19
12996.9,12947.7,13292.3,12849.2,11330000.0,2020-02-20
12652.3,12258.5,13095.4,12258.5,12870000.0,2020-02-21
11815.4,12553.8,12603.1,11716.9,20960000.0,2020-02-24
12356.9,11569.2,12356.9,11372.3,16820000.0,2020-02-25
12110.8,12307.7,12356.9,11963.1,9180000.0,2020-02-26
12553.8,11913.8,12553.8,11913.8,10790000.0,2020-02-27
12406.2,11323.1,12455.4,11323.1,12110000.0,2020-02-28
12406.2,12012.3,12553.8,12012.3,7370000.0,2020-03-02
12603.1,12603.1,12750.8,12455.4,12930000.0,2020-03-03
12701.5,12603.1,12701.5,12455.4,10250000.0,2020-03-04
12603.1,12800.0,12996.9,12504.6,12120000.0,2020-03-05
12455.4,12553.8,12553.8,12356.9,8040000.0,2020-03-06
11470.8,12160.0,12160.0,11323.1,34080000.0,2020-03-09
11913.8,11323.1,12209.2,11273.8,15400000.0,2020-03-10
11520.0,11963.1,12012.3,11323.1,15930000.0,2020-03-11
10880.0,11323.1,11323.1,10584.6,22510000.0,2020-03-12
10830.8,10584.6,11076.9,10092.3,18320000.0,2020-03-13
10289.2,10830.8,10978.5,10190.8,9370000.0,2020-03-16
10387.7,10240.0,10535.4,9895.4,13340000.0,2020-03-17
10436.9,10486.2,10633.8,10289.2,10040000.0,2020-03-18
10387.7,10338.5,10486.2,10190.8,8300000.0,2020-03-19
10535.4,11421.5,11421.5,10338.5,6790000.0,2020-03-20
9501.5,10436.9,10535.4,9501.5,20360000.0,2020-03-23
9649.2,9403.1,9796.9,9403.1,8770000.0,2020-03-24
10092.3,9846.2,10240.0,9846.2,8360000.0,2020-03-25
9698.5,10141.5,10141.5,9698.5,7380000.0,2020-03-26
9698.5,9698.5,9895.4,9600.0,8090000.0,2020-03-27
8960.0,9600.0,9600.0,8812.3,12040000.0,2020-03-30
8763.1,8960.0,9255.4,8566.2,9210000.0,2020-03-31
9156.9,7926.2,9353.8,7926.2,5610000.0,2020-04-01
9403.1,8910.8,9550.8,8910.8,7260000.0,2020-04-03
10141.5,9550.8,10240.0,9403.1,11690000.0,2020-04-06
9993.8,10338.5,10338.5,9846.2,9070000.0,2020-04-07
9944.6,10978.5,10978.5,9698.5,4740000.0,2020-04-08
9846.2,10929.2,10929.2,9846.2,8270000.0,2020-04-09
9747.7,9353.8,9944.6,9353.8,5110000.0,2020-04-10
9846.2,8812.3,10043.1,8812.3,3910000.0,2020-04-13
9846.2,9846.2,9944.6,9698.5,6430000.0,2020-04-14
9944.6,9846.2,10190.8,9846.2,7490000.0,2020-04-15
10043.1,9944.6,10043.1,9895.4,3850000.0,2020-04-16
10338.5,10092.3,10387.7,10092.3,9770000.0,2020-04-17
10190.8,10436.9,10436.9,10141.5,6220000.0,2020-04-20
9747.7,10141.5,10141.5,9698.5,12220000.0,2020-04-21
10043.1,9747.7,10043.1,9550.8,5360000.0,2020-04-22
9993.8,10092.3,10240.0,9993.8,4220000.0,2020-04-23
9993.8,9944.6,10043.1,9846.2,2570000.0,2020-04-24
9895.4,9993.8,10141.5,9846.2,3670000.0,2020-04-27
9993.8,9895.4,10043.1,9846.2,2530000.0,2020-04-28
10092.3,9993.8,10092.3,9944.6,2430000.0,2020-04-29
9993.8,10092.3,10092.3,9895.4,2430000.0,2020-05-04
9993.8,9944.6,10043.1,9944.6,2290000.0,2020-05-05
10240.0,10043.0,10437.0,9945.0,9050000.0,2020-05-06
10437.0,10289.0,10437.0,10240.0,6040000.0,2020-05-07
10535.0,10486.0,10782.0,10338.0,12180000.0,2020-05-08
10683.0,10782.0,10782.0,10535.0,8350000.0,2020-05-11
10732.0,10683.0,10831.0,10535.0,8240000.0,2020-05-12
10683.0,10831.0,10831.0,10585.0,7020000.0,2020-05-13
10535.0,10683.0,10732.0,10535.0,7770000.0,2020-05-14
10683.0,10585.0,10929.0,10535.0,14090000.0,2020-05-15
10732.0,10782.0,10782.0,10535.0,5630000.0,2020-05-18
10929.0,10831.0,11077.0,10831.0,11300000.0,2020-05-19
10929.0,10880.0,11028.0,10831.0,6330000.0,2020-05-20
11028.0,10929.0,11175.0,10782.0,9390000.0,2020-05-21
11028.0,11077.0,11175.0,10978.0,9830000.0,2020-05-22
11126.0,11077.0,11175.0,10978.0,7150000.0,2020-05-25
11471.0,11077.0,11569.0,11077.0,10700000.0,2020-05-26
11225.0,11569.0,11668.0,11225.0,12980000.0,2020-05-27
11274.0,11225.0,11422.0,11225.0,7250000.0,2020-05-28
11274.0,11274.0,11323.0,11175.0,4860000.0,2020-05-29
12357.0,11323.0,12357.0,11274.0,28150000.0,2020-06-01
12209.0,12554.0,13046.0,12209.0,22210000.0,2020-06-02
12554.0,12209.0,12554.0,12209.0,7640000.0,2020-06-03
12455.0,12603.0,12652.0,12406.0,10480000.0,2020-06-04
12406.0,12505.0,12505.0,12258.0,8180000.0,2020-06-05
12505.0,12406.0,12800.0,12406.0,12370000.0,2020-06-08
12554.0,12554.0,12603.0,12406.0,7170000.0,2020-06-09
12603.0,12554.0,12751.0,12406.0,13190000.0,2020-06-10
12062.0,12603.0,12702.0,12012.0,18630000.0,2020-06-11
12062.0,11815.0,12062.0,11520.0,13500000.0,2020-06-12
11471.0,12160.0,12160.0,11422.0,11960000.0,2020-06-15
11717.0,11618.0,11914.0,11618.0,8530000.0,2020-06-16
11668.0,11963.0,11963.0,11569.0,3250000.0,2020-06-17
11717.0,11668.0,11766.0,11520.0,2640000.0,2020-06-18
12012.0,11717.0,12062.0,11717.0,4740000.0,2020-06-19
11865.0,12012.0,12160.0,11815.0,4580000.0,2020-06-22
11815.0,11914.0,12012.0,11766.0,6670000.0,2020-06-23
11717.0,11815.0,11963.0,11668.0,6120000.0,2020-06-24
11668.0,11668.0,11717.0,11569.0,5080000.0,2020-06-25
11618.0,11717.0,11815.0,11618.0,2840000.0,2020-06-26
11274.0,11618.0,11618.0,11175.0,8840000.0,2020-06-29
11225.0,11323.0,11471.0,11028.0,7280000.0,2020-06-30
11422.0,11225.0,11471.0,11225.0,3400000.0,2020-07-01
11372.0,11422.0,11520.0,11323.0,2170000.0,2020-07-02
11323.0,11422.0,11471.0,11323.0,2580000.0,2020-07-03
11618.0,11323.0,11668.0,11323.0,6510000.0,2020-07-06
11668.0,11668.0,11815.0,11668.0,4850000.0,2020-07-07
11766.0,11618.0,11815.0,11618.0,3350000.0,2020-07-08
11963.0,11766.0,11963.0,11766.0,4570000.0,2020-07-09
11815.0,11963.0,12012.0,11717.0,4640000.0,2020-07-10
11766.0,11865.0,11914.0,11717.0,3740000.0,2020-07-13
11815.0,11766.0,11865.0,11668.0,2860000.0,2020-07-14
11815.0,11914.0,11914.0,11815.0,3190000.0,2020-07-15
11815.0,11914.0,11914.0,11766.0,1830000.0,2020-07-16
12209.0,11865.0,12308.0,11815.0,16030000.0,2020-07-17
12062.0,12209.0,12258.0,12062.0,5330000.0,2020-07-20
12111.0,12062.0,12111.0,11914.0,4460000.0,2020-07-21
12012.0,12111.0,12209.0,11914.0,3510000.0,2020-07-22
11914.0,12012.0,12012.0,11815.0,3970000.0,2020-07-23
11422.0,11963.0,11963.0,11077.0,11240000.0,2020-07-24
10732.0,10289.0,11274.0,10289.0,12680000.0,2020-07-27
11274.0,10732.0,11274.0,10585.0,5280000.0,2020-07-28
10929.0,11175.0,11225.0,10634.0,10010000.0,2020-07-29
11126.0,10683.0,11126.0,10683.0,3890000.0,2020-07-30
11077.0,11175.0,11175.0,10880.0,4510000.0,2020-07-31
11422.0,10880.0,11422.0,10880.0,6180000.0,2020-08-03
11668.0,11471.0,11766.0,11471.0,5910000.0,2020-08-04
11815.0,11766.0,12012.0,11668.0,11120000.0,2020-08-05
11717.0,11865.0,11865.0,11668.0,3810000.0,2020-08-06
11668.0,11766.0,11865.0,11569.0,4370000.0,2020-08-07
11717.0,11668.0,11865.0,11668.0,5230000.0,2020-08-10
12505.0,11815.0,12505.0,11766.0,31150000.0,2020-08-11
12505.0,12702.0,12751.0,12406.0,12370000.0,2020-08-12
12554.0,12505.0,12603.0,12455.0,7730000.0,2020-08-13
12455.0,12554.0,12554.0,12308.0,13570000.0,2020-08-14
12702.0,12455.0,12702.0,12406.0,12640000.0,2020-08-17
12603.0,12800.0,12849.0,12603.0,9570000.0,2020-08-18
12603.0,12652.0,12702.0,12505.0,18820000.0,2020-08-19
13312.0,13184.0,13568.0,12800.0,30430000.0,2020-08-20
13568.0,13312.0,13568.0,13184.0,11550000.0,2020-08-21
13440.0,13568.0,13760.0,13440.0,10660000.0,2020-08-24
13504.0,13440.0,13568.0,13312.0,12190000.0,2020-08-25
13568.0,13504.0,13632.0,13376.0,9400000.0,2020-08-26
13760.0,13568.0,13760.0,13504.0,7600000.0,2020-08-27
13696.0,13824.0,13952.0,13632.0,10860000.0,2020-08-28
13568.0,13696.0,13760.0,13504.0,10950000.0,2020-08-31
13504.0,13568.0,13632.0,13440.0,12220000.0,2020-09-01
13568.0,13504.0,13696.0,13440.0,9500000.0,2020-09-03
13504.0,13440.0,13568.0,13312.0,7290000.0,2020-09-04
13312.0,13504.0,13568.0,13312.0,9480000.0,2020-09-07
13184.0,13312.0,13376.0,13184.0,19180000.0,2020-09-08
13376.0,13184.0,13376.0,12992.0,7850000.0,2020-09-09
13376.0,13376.0,13568.0,13376.0,5080000.0,2020-09-10
13312.0,13376.0,13440.0,13248.0,3670000.0,2020-09-11
13568.0,13312.0,13632.0,13312.0,8240000.0,2020-09-14
13632.0,13568.0,13696.0,13504.0,7240000.0,2020-09-15
13568.0,13568.0,13632.0,13504.0,3430000.0,2020-09-16
13760.0,13632.0,13952.0,13504.0,19260000.0,2020-09-17
13888.0,13760.0,13888.0,13696.0,5130000.0,2020-09-18
14080.0,13952.0,14272.0,13824.0,11320000.0,2020-09-21
14272.0,14080.0,14272.0,13888.0,13780000.0,2020-09-22
14400.0,14272.0,14592.0,14272.0,10170000.0,2020-09-23
14208.0,14336.0,14464.0,14080.0,8750000.0,2020-09-24
14208.0,14208.0,14336.0,14016.0,10030000.0,2020-09-25
14464.0,14208.0,14592.0,14208.0,12820000.0,2020-09-28
14336.0,14528.0,14592.0,14272.0,9250000.0,2020-09-29
14400.0,14336.0,14400.0,14208.0,5660000.0,2020-09-30
14400.0,14272.0,14592.0,14208.0,10170000.0,2020-10-01
14720.0,14336.0,15040.0,14336.0,36750000.0,2020-10-02
15104.0,14720.0,15104.0,14656.0,20140000.0,2020-10-05
15360.0,15104.0,15488.0,15104.0,17150000.0,2020-10-06
14976.0,15360.0,15424.0,14912.0,27650000.0,2020-10-07
14848.0,14848.0,15168.0,14720.0,21720000.0,2020-10-08
15040.0,14848.0,15232.0,14784.0,13630000.0,2020-10-09
14912.0,15168.0,15232.0,14912.0,13510000.0,2020-10-12
14976.0,14976.0,14976.0,14784.0,8320000.0,2020-10-13
15360.0,15040.0,15424.0,14976.0,31710000.0,2020-10-14
15680.0,15360.0,15872.0,15296.0,25550000.0,2020-10-15
15808.0,15680.0,16000.0,15488.0,13620000.0,2020-10-16
16192.0,16000.0,16448.0,15936.0,22130000.0,2020-10-19
16192.0,16256.0,16384.0,16000.0,17750000.0,2020-10-20
16128.0,16256.0,16384.0,16128.0,13860000.0,2020-10-21
16384.0,16192.0,16640.0,16000.0,14760000.0,2020-10-22
16384.0,16512.0,16576.0,16320.0,12550000.0,2020-10-23
15872.0,16384.0,16512.0,15872.0,18230000.0,2020-10-26
15616.0,15808.0,15936.0,15616.0,18320000.0,2020-10-27
15232.0,15616.0,15680.0,15168.0,23310000.0,2020-10-28
15296.0,15104.0,15552.0,14848.0,13310000.0,2020-10-29
15424.0,15424.0,15552.0,15232.0,6870000.0,2020-10-30
15680.0,15488.0,15680.0,15360.0,5900000.0,2020-11-02
16000.0,15680.0,16128.0,15680.0,12040000.0,2020-11-03
16320.0,16064.0,16448.0,16064.0,19700000.0,2020-11-04
15936.0,16320.0,16448.0,15936.0,13360000.0,2020-11-05
16064.0,15936.0,16064.0,15872.0,5740000.0,2020-11-06
16256.0,16064.0,16320.0,16064.0,9220000.0,2020-11-09
16192.0,16448.0,16640.0,16192.0,13840000.0,2020-11-10
16256.0,16192.0,16320.0,16128.0,7080000.0,2020-11-11
16896.0,16256.0,16896.0,16256.0,29620000.0,2020-11-12
16960.0,16896.0,17088.0,16832.0,9740000.0,2020-11-13
16768.0,16960.0,17152.0,16768.0,14040000.0,2020-11-16
17408.0,16768.0,17408.0,16768.0,26220000.0,2020-11-17
17408.0,17408.0,17728.0,17216.0,12380000.0,2020-11-18
17408.0,17472.0,17600.0,17280.0,10030000.0,2020-11-19
17472.0,17472.0,17536.0,17152.0,14990000.0,2020-11-20
17472.0,17600.0,17664.0,17280.0,17030000.0,2020-11-23
17472.0,17472.0,17792.0,17344.0,16190000.0,2020-11-24
17472.0,17472.0,17664.0,17344.0,10140000.0,2020-11-25
17536.0,17472.0,17728.0,17280.0,15680000.0,2020-11-26
17408.0,17600.0,17664.0,17408.0,8540000.0,2020-11-27
17408.0,17536.0,17536.0,17280.0,13970000.0,2020-11-30
17472.0,17408.0,17472.0,17152.0,14450000.0,2020-12-01
18272.0,17984.0,18528.0,17792.0,37810000.0,2020-12-09
17888.0,18432.0,18432.0,17856.0,14430000.0,2020-12-10
18048.0,17984.0,18080.0,17792.0,6970000.0,2020-12-11
18048.0,18112.0,18240.0,17984.0,11450000.0,2020-12-14
17920.0,18048.0,18080.0,17856.0,11410000.0,2020-12-15
18080.0,17920.0,18208.0,17920.0,16350000.0,2020-12-16
18112.0,17984.0,18464.0,17952.0,21200000.0,2020-12-17
18176.0,18208.0,18336.0,18112.0,18270000.0,2020-12-18
18528.0,18240.0,18752.0,18144.0,35130000.0,2020-12-21
18400.0,18528.0,18560.0,18304.0,11830000.0,2020-12-22
17984.0,18432.0,18464.0,17920.0,17530000.0,2020-12-23
17472.0,17984.0,18112.0,16960.0,24740000.0,2020-12-24
17888.0,17472.0,17920.0,17408.0,14370000.0,2020-12-25
17792.0,18112.0,18112.0,17696.0,9720000.0,2020-12-28
17728.0,17792.0,17888.0,17664.0,10160000.0,2020-12-29
17792.0,17760.0,18048.0,17760.0,10530000.0,2020-12-30
17984.0,17856.0,18112.0,17824.0,10590000.0,2020-12-31
18336.0,18272.0,18464.0,18240.0,16840000.0,2021-01-04
18784.0,18304.0,18944.0,18112.0,29210000.0,2021-01-05
19136.0,19008.0,19584.0,18752.0,24820000.0,2021-01-06
19136.0,19136.0,19200.0,18944.0,18180000.0,2021-01-07
19328.0,19168.0,19456.0,19072.0,24250000.0,2021-01-08
19424.0,19520.0,19776.0,19296.0,15350000.0,2021-01-11
19264.0,19360.0,19392.0,19168.0,14500000.0,2021-01-12
19104.0,19392.0,19424.0,19008.0,15490000.0,2021-01-13
19104.0,19136.0,19136.0,18688.0,13270000.0,2021-01-14
19360.0,19200.0,19456.0,19168.0,12790000.0,2021-01-15
19168.0,19424.0,19520.0,19136.0,13150000.0,2021-01-18
17856.0,19072.0,19136.0,17856.0,20430000.0,2021-01-19
18112.0,17920.0,18112.0,16832.0,19250000.0,2021-01-20
18528.0,18432.0,18624.0,18144.0,10210000.0,2021-01-21
18336.0,18496.0,18624.0,18240.0,8500000.0,2021-01-22
17984.0,18112.0,18240.0,17952.0,12010000.0,2021-01-25
17792.0,17952.0,18336.0,17600.0,12650000.0,2021-01-26
17600.0,17792.0,18144.0,17408.0,9980000.0,2021-01-27
16384.0,16640.0,17088.0,16384.0,23680000.0,2021-01-28
17152.0,15680.0,17216.0,15680.0,11910000.0,2021-01-29
17056.0,17152.0,17536.0,16832.0,11760000.0,2021-02-01
17504.0,17056.0,17536.0,16864.0,10230000.0,2021-02-02
17984.0,17504.0,18048.0,17408.0,11020000.0,2021-02-03
18048.0,17984.0,18048.0,17792.0,6640000.0,2021-02-04
18240.0,18048.0,18336.0,18016.0,8770000.0,2021-02-05
17600.0,18240.0,18400.0,17408.0,8990000.0,2021-02-08
18272.0,17600.0,18272.0,17472.0,9300000.0,2021-02-09
18816.0,18432.0,18880.0,18368.0,10710000.0,2021-02-17
18656.0,18816.0,18848.0,18432.0,8670000.0,2021-02-18
19904.0,18560.0,19936.0,18496.0,48730000.0,2021-02-19
20224.0,20160.0,20608.0,19904.0,19670000.0,2021-02-22
20288.0,20384.0,20640.0,20128.0,21800000.0,2021-02-23
19968.0,20256.0,20384.0,19840.0,29200000.0,2021-02-24
20736.0,20160.0,20768.0,19904.0,23460000.0,2021-02-25
21152.0,20416.0,21344.0,20416.0,20420000.0,2021-02-26
21280.0,21376.0,21408.0,21056.0,13230000.0,2021-03-01
21120.0,21376.0,21408.0,20992.0,14960000.0,2021-03-02
21280.0,21056.0,21408.0,20928.0,14180000.0,2021-03-03
20736.0,21376.0,21376.0,20512.0,15330000.0,2021-03-04
20768.0,20544.0,20864.0,20224.0,15870000.0,2021-03-05
20352.0,20800.0,20928.0,20192.0,25070000.0,2021-03-08
20512.0,20160.0,20672.0,19904.0,13780000.0,2021-03-09
20960.0,20544.0,21248.0,20416.0,18990000.0,2021-03-10
21120.0,21120.0,21184.0,20960.0,11130000.0,2021-03-11
21088.0,21120.0,21152.0,20896.0,8120000.0,2021-03-12
21440.0,21120.0,21664.0,20864.0,28210000.0,2021-03-15
21408.0,21376.0,21568.0,21152.0,9550000.0,2021-03-16
21440.0,21408.0,21472.0,21248.0,9760000.0,2021-03-17
21728.0,21696.0,21920.0,21440.0,16070000.0,2021-03-18
21632.0,21728.0,21888.0,21568.0,11110000.0,2021-03-19
21376.0,21792.0,21824.0,21344.0,13600000.0,2021-03-22
21120.0,21472.0,21472.0,20992.0,16170000.0,2021-03-23
20768.0,20736.0,20960.0,20512.0,15530000.0,2021-03-24
20512.0,20768.0,20864.0,20416.0,13000000.0,2021-03-25
20768.0,20480.0,20768.0,20064.0,12390000.0,2021-03-26
21120.0,21056.0,21184.0,20736.0,10910000.0,2021-03-29
21312.0,21184.0,21440.0,20960.0,12580000.0,2021-03-30
21312.0,21440.0,21632.0,21280.0,7790000.0,2021-03-31
21664.0,21408.0,21664.0,21312.0,16310000.0,2021-04-01
22176.0,21888.0,22400.0,21760.0,21840000.0,2021-04-02
22240.0,22592.0,22592.0,22144.0,11610000.0,2021-04-05
22240.0,22208.0,22368.0,21856.0,11820000.0,2021-04-06
22016.0,22080.0,22208.0,21952.0,10000000.0,2021-04-07
22016.0,21984.0,22208.0,21888.0,7320000.0,2021-04-08
22016.0,21952.0,22144.0,21888.0,8440000.0,2021-04-09
22496.0,22144.0,22528.0,22048.0,19550000.0,2021-04-12
22144.0,22624.0,22720.0,22016.0,13650000.0,2021-04-13
22144.0,21952.0,22240.0,21856.0,7930000.0,2021-04-14
21664.0,22176.0,22208.0,21632.0,15140000.0,2021-04-15
21184.0,21632.0,21792.0,20928.0,13130000.0,2021-04-16
21568.0,21440.0,21600.0,20992.0,6710000.0,2021-04-19
21504.0,21760.0,22016.0,21248.0,11200000.0,2021-04-20
20800.0,21376.0,21504.0,20800.0,12260000.0,2021-04-22
21376.0,20736.0,21408.0,20544.0,10450000.0,2021-04-23
21312.0,21376.0,21376.0,20864.0,11120000.0,2021-04-26
21760.0,21120.0,21760.0,20896.0,9990000.0,2021-04-27
21632.0,21440.0,21952.0,21376.0,8870000.0,2021-04-28
22176.0,21632.0,22176.0,21504.0,26010000.0,2021-04-29
22048.0,21760.0,22240.0,21440.0,14580000.0,2021-05-04
22592.0,22144.0,22944.0,22144.0,27440000.0,2021-05-05
22272.0,22592.0,22624.0,22176.0,12160000.0,2021-05-06
22528.0,22080.0,22656.0,22080.0,18840000.0,2021-05-07
23168.0,22528.0,23264.0,22528.0,21080000.0,2021-05-10
22912.0,23296.0,23296.0,22912.0,15280000.0,2021-05-11
23136.0,22752.0,23136.0,22656.0,14050000.0,2021-05-12
23168.0,22848.0,23648.0,22848.0,18320000.0,2021-05-13
23328.0,23296.0,23488.0,23072.0,9560000.0,2021-05-14
23392.0,23680.0,23808.0,23328.0,14500000.0,2021-05-17
23200.0,23424.0,23424.0,22976.0,12310000.0,2021-05-18
23424.0,23168.0,23488.0,22976.0,12720000.0,2021-05-19
23936.0,23424.0,24000.0,23424.0,19160000.0,2021-05-20
24000.0,23936.0,24512.0,23872.0,14290000.0,2021-05-21
24000.0,24224.0,24224.0,23840.0,11790000.0,2021-05-24
24320.0,24000.0,24480.0,23872.0,13680000.0,2021-05-25
24608.0,24352.0,24736.0,24352.0,15590000.0,2021-05-26
24448.0,24640.0,25056.0,24256.0,14920000.0,2021-05-27
24896.0,24448.0,24896.0,24352.0,14710000.0,2021-05-28
26496.0,25280.0,26528.0,24960.0,25050000.0,2021-05-31
26944.0,27200.0,27456.0,26880.0,17440000.0,2021-06-01
28544.0,27296.0,28544.0,27200.0,25020000.0,2021-06-02
29376.0,29632.0,29632.0,28544.0,19170000.0,2021-06-03
28992.0,28800.0,29376.0,28800.0,14830000.0,2021-06-04
27520.0,28736.0,28736.0,27040.0,28910000.0,2021-06-07
25728.0,27232.0,27776.0,25728.0,22380000.0,2021-06-08
27168.0,25728.0,27264.0,25600.0,19630000.0,2021-06-09
27280.0,27600.0,28280.0,27280.0,17500000.0,2021-06-10
27720.0,27520.0,28080.0,27040.0,11920000.0,2021-06-11
27280.0,27720.0,27920.0,27080.0,13680000.0,2021-06-14
28280.0,27280.0,28960.0,26800.0,22720000.0,2021-06-15
27760.0,28280.0,28360.0,27600.0,10260000.0,2021-06-16
27920.0,27200.0,28000.0,26960.0,7990000.0,2021-06-17
28000.0,28160.0,28400.0,27920.0,11520000.0,2021-06-18
27800.0,27920.0,28160.0,27720.0,6810000.0,2021-06-21
28520.0,28160.0,28800.0,27880.0,18590000.0,2021-06-22
28640.0,28720.0,29120.0,28560.0,12810000.0,2021-06-23
28960.0,28800.0,29160.0,28480.0,14370000.0,2021-06-24
29080.0,28960.0,29280.0,28840.0,9920000.0,2021-06-25
29360.0,29360.0,29440.0,29040.0,9920000.0,2021-06-28
29160.0,29520.0,29560.0,29160.0,8350000.0,2021-06-29
28560.0,29120.0,29200.0,28480.0,12040000.0,2021-06-30
28760.0,28440.0,28960.0,28080.0,12990000.0,2021-07-01
28880.0,29040.0,29120.0,28800.0,8010000.0,2021-07-02
30360.0,29040.0,30480.0,28720.0,20840000.0,2021-07-05
28800.0,30400.0,30560.0,28800.0,12590000.0,2021-07-06
29240.0,28800.0,29520.0,28080.0,12650000.0,2021-07-07
28960.0,29240.0,29760.0,28800.0,9190000.0,2021-07-08
28160.0,28800.0,29280.0,27200.0,14140000.0,2021-07-09
26200.0,27600.0,27800.0,26200.0,22940000.0,2021-07-12
26320.0,26640.0,26640.0,25840.0,8340000.0,2021-07-13
25400.0,26320.0,26400.0,24880.0,13510000.0,2021-07-14
26200.0,25120.0,26360.0,25080.0,6370000.0,2021-07-15
26880.0,26520.0,26880.0,26240.0,7400000.0,2021-07-16
25720.0,26320.0,26520.0,25560.0,12520000.0,2021-07-19
27120.0,26000.0,27120.0,25600.0,10700000.0,2021-07-20
27040.0,27240.0,27600.0,27000.0,10220000.0,2021-07-21
27280.0,27040.0,27520.0,26560.0,8950000.0,2021-07-22
26400.0,27120.0,27320.0,26400.0,9290000.0,2021-07-23
26160.0,26080.0,26480.0,25640.0,9410000.0,2021-07-26
26520.0,26440.0,26800.0,26400.0,7040000.0,2021-07-27
26520.0,26560.0,26880.0,26440.0,6060000.0,2021-07-28
27320.0,26760.0,27360.0,26640.0,9550000.0,2021-07-29
28920.0,27440.0,28920.0,27440.0,43950000.0,2021-07-30
28440.0,28400.0,28800.0,28280.0,10810000.0,2021-08-02
28640.0,28360.0,28640.0,28000.0,10960000.0,2021-08-03
28400.0,28800.0,28800.0,28240.0,10580000.0,2021-08-04
28800.0,28280.0,28880.0,28240.0,17230000.0,2021-08-05
28440.0,28880.0,28920.0,28360.0,10780000.0,2021-08-06
29200.0,28320.0,29480.0,28120.0,24050000.0,2021-08-09
29200.0,29440.0,29480.0,28960.0,13070000.0,2021-08-10
28800.0,29200.0,29400.0,28800.0,20620000.0,2021-08-11
28240.0,28640.0,28800.0,28240.0,15180000.0,2021-08-12
28280.0,28160.0,28360.0,27440.0,18910000.0,2021-08-13
28560.0,28280.0,28800.0,27840.0,15070000.0,2021-08-16
28480.0,28800.0,28960.0,28320.0,10930000.0,2021-08-17
28440.0,28360.0,28640.0,28240.0,8870000.0,2021-08-18
28240.0,28400.0,28440.0,27960.0,11710000.0,2021-08-19
26880.0,28240.0,28280.0,26440.0,26190000.0,2021-08-20
25600.0,26800.0,26880.0,25600.0,19500000.0,2021-08-23
25840.0,25600.0,26000.0,25360.0,11360000.0,2021-08-24
25960.0,25760.0,26000.0,25520.0,6080000.0,2021-08-25
25560.0,26040.0,26080.0,25440.0,6180000.0,2021-08-26
25400.0,25360.0,25480.0,24640.0,10090000.0,2021-08-27
25720.0,25440.0,25920.0,25280.0,10040000.0,2021-08-30
25600.0,26000.0,26080.0,25600.0,6910000.0,2021-08-31
25600.0,25600.0,26200.0,25560.0,10890000.0,2021-09-01
25640.0,25760.0,25840.0,25560.0,9230000.0,2021-09-06
26000.0,25920.0,26200.0,25760.0,9950000.0,2021-09-07
25720.0,26000.0,26200.0,25680.0,5940000.0,2021-09-08
25960.0,25600.0,25960.0,25560.0,4290000.0,2021-09-09
25840.0,26000.0,26040.0,25800.0,5130000.0,2021-09-10
25520.0,25840.0,25840.0,25520.0,6500000.0,2021-09-13
25200.0,25480.0,25600.0,25200.0,5640000.0,2021-09-14
24960.0,25200.0,25200.0,24920.0,6220000.0,2021-09-15
25040.0,25000.0,25240.0,24960.0,4320000.0,2021-09-16
25280.0,25280.0,25440.0,25080.0,5720000.0,2021-09-17
25680.0,25600.0,25840.0,25480.0,7980000.0,2021-09-20
25440.0,25440.0,25600.0,25160.0,4850000.0,2021-09-21
25280.0,25440.0,25600.0,25280.0,3350000.0,2021-09-22
25280.0,25360.0,25440.0,25200.0,5260000.0,2021-09-23
25600.0,25440.0,25720.0,25280.0,8360000.0,2021-09-24
25200.0,25760.0,25920.0,25200.0,6000000.0,2021-09-27
25280.0,25200.0,25400.0,25120.0,3150000.0,2021-09-28
25080.0,25280.0,25360.0,24920.0,4520000.0,2021-09-29
25240.0,25080.0,25280.0,25040.0,5490000.0,2021-09-30
25200.0,25200.0,25240.0,24880.0,8050000.0,2021-10-01
24800.0,25040.0,25120.0,24480.0,7070000.0,2021-10-04
25200.0,24800.0,25200.0,24800.0,3640000.0,2021-10-05
25080.0,25240.0,25320.0,24880.0,4150000.0,2021-10-06
24960.0,25200.0,25200.0,24960.0,2700000.0,2021-10-07
25160.0,25120.0,25240.0,25000.0,4350000.0,2021-10-08
26080.0,25280.0,26080.0,25280.0,8360000.0,2021-10-11
26080.0,26320.0,26320.0,25920.0,4230000.0,2021-10-12
26080.0,26080.0,26320.0,26000.0,4640000.0,2021-10-13
25840.0,26080.0,26160.0,25760.0,5650000.0,2021-10-14
25760.0,26000.0,26040.0,25680.0,3720000.0,2021-10-15
25600.0,25880.0,26080.0,25600.0,5680000.0,2021-10-18
25840.0,25920.0,25920.0,25520.0,4520000.0,2021-10-19
25840.0,25840.0,26120.0,25440.0,4810000.0,2021-10-20
25400.0,25840.0,25840.0,25400.0,5170000.0,2021-10-21
25280.0,25520.0,25560.0,25160.0,4780000.0,2021-10-22
25000.0,25360.0,25360.0,24880.0,6500000.0,2021-10-25
24880.0,25000.0,25000.0,24640.0,6570000.0,2021-10-26
25120.0,24920.0,25440.0,24920.0,7290000.0,2021-10-27
25480.0,25320.0,25480.0,25200.0,5810000.0,2021-10-28
26400.0,25480.0,26400.0,25400.0,17000000.0,2021-10-29
26160.0,26240.0,26320.0,25920.0,6620000.0,2021-11-01
26520.0,26160.0,26520.0,26040.0,8760000.0,2021-11-02
27080.0,26640.0,27280.0,26600.0,16330000.0,2021-11-03
26800.0,27240.0,27240.0,26760.0,5250000.0,2021-11-04
26800.0,27040.0,27040.0,26640.0,4960000.0,2021-11-05
26720.0,26800.0,26920.0,26560.0,6730000.0,2021-11-08
26760.0,26720.0,27040.0,26680.0,6310000.0,2021-11-09
26720.0,26800.0,26840.0,26520.0,5460000.0,2021-11-10
26400.0,26640.0,26840.0,26000.0,8910000.0,2021-11-11
26680.0,26400.0,26680.0,26120.0,5470000.0,2021-11-12
26720.0,26720.0,26880.0,26600.0,6100000.0,2021-11-15
26520.0,26680.0,26720.0,26240.0,6510000.0,2021-11-16
26640.0,26520.0,26800.0,26240.0,5450000.0,2021-11-17
26000.0,26800.0,26800.0,26000.0,6870000.0,2021-11-18
26760.0,26160.0,27120.0,26040.0,12240000.0,2021-11-19
27320.0,26800.0,27840.0,26400.0,11440000.0,2021-11-22
27160.0,27400.0,27440.0,26960.0,4800000.0,2021-11-23
28280.0,27120.0,28360.0,27000.0,17870000.0,2021-11-24
28120.0,28400.0,28440.0,27960.0,8850000.0,2021-11-25
27680.0,28120.0,28240.0,27680.0,7760000.0,2021-11-26
27320.0,27040.0,27440.0,27040.0,7620000.0,2021-11-29
26640.0,27520.0,27600.0,26560.0,7680000.0,2021-11-30
26800.0,26480.0,26800.0,26440.0,4530000.0,2021-12-01
26560.0,26880.0,26880.0,26560.0,3310000.0,2021-12-02
26040.0,26720.0,26840.0,26040.0,6150000.0,2021-12-03
25840.0,25840.0,26240.0,25320.0,8120000.0,2021-12-06
26360.0,26000.0,26360.0,25680.0,3530000.0,2021-12-07
26480.0,26120.0,26720.0,26040.0,3630000.0,2021-12-08
26640.0,26400.0,26640.0,26240.0,2700000.0,2021-12-09
26720.0,26560.0,26880.0,26480.0,5910000.0,2021-12-10
26720.0,26840.0,27040.0,26640.0,3770000.0,2021-12-13
26640.0,26640.0,26800.0,26480.0,2660000.0,2021-12-14
26720.0,26480.0,26840.0,26440.0,2650000.0,2021-12-15
26400.0,26800.0,26840.0,26400.0,2880000.0,2021-12-16
26560.0,26520.0,26640.0,26440.0,3000000.0,2021-12-17
26480.0,26560.0,26640.0,26280.0,4120000.0,2021-12-20
26240.0,26360.0,26360.0,26240.0,3030000.0,2021-12-21
26160.0,26120.0,26360.0,26120.0,4230000.0,2021-12-22
26000.0,26080.0,26120.0,25600.0,5170000.0,2021-12-23
26400.0,26000.0,26520.0,25760.0,5470000.0,2021-12-24
26520.0,26640.0,26640.0,26320.0,3070000.0,2021-12-27
26920.0,26520.0,27000.0,26440.0,4350000.0,2021-12-28
27040.0,27080.0,27360.0,26960.0,4770000.0,2021-12-29
27120.0,26960.0,27200.0,26800.0,2270000.0,2021-12-30
27600.0,27200.0,27640.0,27200.0,7060000.0,2021-12-31
27520.0,27840.0,27840.0,27400.0,5690000.0,2022-01-04
26960.0,27480.0,27480.0,26920.0,7420000.0,2022-01-05
27000.0,26800.0,27200.0,26480.0,7090000.0,2022-01-06
26640.0,27120.0,27160.0,26640.0,4150000.0,2022-01-07
26400.0,26400.0,26720.0,26360.0,7120000.0,2022-01-10
26200.0,26400.0,26440.0,26160.0,7990000.0,2022-01-11
26480.0,26160.0,26840.0,26040.0,9740000.0,2022-01-12
26680.0,26920.0,27400.0,26520.0,8140000.0,2022-01-13
26440.0,26680.0,26760.0,26400.0,2430000.0,2022-01-14
26200.0,26480.0,26920.0,26200.0,9110000.0,2022-01-17
26240.0,26200.0,26440.0,25840.0,5340000.0,2022-01-18
26400.0,26240.0,26640.0,26240.0,2630000.0,2022-01-19
26360.0,26400.0,26520.0,26160.0,4270000.0,2022-01-20
26760.0,26360.0,27200.0,26320.0,5510000.0,2022-01-21
27480.0,26800.0,27920.0,26800.0,16480000.0,2022-01-24
27880.0,27480.0,28040.0,27480.0,5350000.0,2022-01-25
28360.0,28000.0,28760.0,28000.0,10620000.0,2022-01-26
27920.0,28320.0,28320.0,27640.0,7580000.0,2022-01-27
27640.0,27920.0,28000.0,27520.0,12820000.0,2022-01-28
27760.0,28000.0,28120.0,27720.0,5690000.0,2022-02-07
28600.0,27760.0,28800.0,27760.0,40580000.0,2022-02-08
28480.0,28720.0,28760.0,28400.0,12690000.0,2022-02-09
28440.0,28480.0,28640.0,28280.0,9540000.0,2022-02-10
28560.0,28240.0,29080.0,28200.0,11970000.0,2022-02-11
27200.0,28320.0,28480.0,27200.0,16440000.0,2022-02-14
27600.0,27240.0,27600.0,27200.0,8290000.0,2022-02-15
27360.0,27760.0,27760.0,27200.0,6370000.0,2022-02-16
27440.0,27320.0,27560.0,27280.0,4890000.0,2022-02-17
27080.0,27280.0,27400.0,26960.0,9150000.0,2022-02-18
27520.0,27120.0,27520.0,26840.0,9110000.0,2022-02-21
27760.0,27200.0,27760.0,26880.0,10120000.0,2022-02-22
27680.0,27840.0,28080.0,27680.0,7320000.0,2022-02-23
27560.0,27480.0,27680.0,26760.0,11120000.0,2022-02-24
27480.0,27600.0,27800.0,27440.0,6890000.0,2022-02-25
27120.0,27440.0,27480.0,27120.0,4820000.0,2022-02-28
27080.0,27200.0,27200.0,26840.0,7010000.0,2022-03-01
26320.0,26960.0,27200.0,26320.0,17350000.0,2022-03-02
26760.0,26400.0,26760.0,26320.0,10210000.0,2022-03-03
27440.0,26720.0,27440.0,26400.0,8660000.0,2022-03-04
26600.0,26800.0,27040.0,26520.0,5870000.0,2022-03-07
26080.0,26400.0,26560.0,26040.0,9030000.0,2022-03-08
26160.0,26200.0,26360.0,25920.0,5220000.0,2022-03-09
26320.0,26400.0,26720.0,26320.0,2750000.0,2022-03-10
26160.0,26240.0,26360.0,26080.0,3390000.0,2022-03-11
26160.0,26000.0,26240.0,25960.0,3410000.0,2022-03-14
26240.0,26240.0,26520.0,26160.0,3440000.0,2022-03-15
26240.0,26320.0,26440.0,26120.0,4120000.0,2022-03-16
26240.0,26520.0,26560.0,26240.0,3280000.0,2022-03-17
26240.0,26400.0,26480.0,26240.0,3250000.0,2022-03-18
26360.0,26320.0,26400.0,26160.0,4130000.0,2022-03-21
26640.0,26400.0,26720.0,26400.0,4160000.0,2022-03-22
26560.0,26560.0,26720.0,26520.0,2580000.0,2022-03-23
26320.0,26440.0,26560.0,26280.0,3590000.0,2022-03-24
26160.0,26320.0,26520.0,26160.0,4170000.0,2022-03-25
25880.0,26160.0,26240.0,25840.0,6090000.0,2022-03-28
25880.0,25960.0,26120.0,25840.0,4580000.0,2022-03-29
26080.0,25920.0,26320.0,25840.0,5190000.0,2022-03-30
26440.0,26160.0,26560.0,26080.0,6900000.0,2022-03-31
26720.0,26440.0,26720.0,26400.0,7330000.0,2022-04-01
26800.0,26880.0,26960.0,26720.0,5990000.0,2022-04-04
26400.0,26720.0,26720.0,26360.0,5640000.0,2022-04-05
26560.0,26280.0,26640.0,26200.0,5200000.0,2022-04-06
26880.0,26720.0,27320.0,26600.0,12060000.0,2022-04-07
27080.0,26960.0,27200.0,26920.0,11130000.0,2022-04-08
26760.0,27080.0,27080.0,26680.0,6150000.0,2022-04-12
26920.0,26800.0,27080.0,26640.0,6320000.0,2022-04-13
27040.0,26920.0,27320.0,26880.0,6130000.0,2022-04-14
26840.0,27040.0,27200.0,26760.0,6740000.0,2022-04-15
26240.0,26800.0,26880.0,26240.0,7430000.0,2022-04-18
25320.0,26080.0,26240.0,25280.0,6560000.0,2022-04-19
25520.0,25360.0,25760.0,25320.0,5610000.0,2022-04-20
21050.0,21384.0,21719.0,21050.0,8480000.0,2022-04-21
21585.0,21184.0,21785.0,21184.0,7460000.0,2022-04-22
20382.0,21585.0,21685.0,20382.0,11850000.0,2022-04-25
20649.0,20382.0,20883.0,20048.0,8780000.0,2022-04-26
20649.0,20516.0,20850.0,20248.0,4070000.0,2022-04-27
20716.0,20449.0,20850.0,20449.0,2160000.0,2022-04-28
21852.0,20716.0,21852.0,20549.0,6670000.0,2022-04-29
21217.0,21552.0,21719.0,21217.0,2960000.0,2022-05-04
21184.0,21585.0,21585.0,20917.0,4610000.0,2022-05-05
20716.0,20850.0,21251.0,20616.0,2760000.0,2022-05-06
20449.0,20716.0,20716.0,19847.0,7440000.0,2022-05-09
20583.0,20248.0,20716.0,19981.0,5530000.0,2022-05-10
21117.0,20583.0,21117.0,20449.0,3330000.0,2022-05-11
19714.0,20516.0,20883.0,19714.0,4500000.0,2022-05-12
18377.0,19981.0,20248.0,18377.0,8830000.0,2022-05-13
18444.0,18478.0,19179.0,18377.0,7390000.0,2022-05-16
19547.0,18444.0,19614.0,18377.0,3760000.0,2022-05-17
19346.0,19847.0,19881.0,19246.0,5060000.0,2022-05-18
19112.0,18979.0,19380.0,18778.0,2670000.0,2022-05-19
19413.0,19112.0,19580.0,19112.0,2780000.0,2022-05-20
19012.0,19446.0,19580.0,18912.0,1710000.0,2022-05-23
19246.0,19246.0,19246.0,18812.0,2260000.0,2022-05-24
20048.0,19246.0,20048.0,19246.0,5480000.0,2022-05-25
20282.0,20315.0,20382.0,20048.0,3870000.0,2022-05-26
21251.0,20583.0,21251.0,20449.0,7060000.0,2022-05-27
21351.0,21384.0,21384.0,21050.0,3230000.0,2022-05-30
21084.0,21184.0,21251.0,21050.0,3380000.0,2022-05-31
20783.0,21251.0,21251.0,20783.0,5060000.0,2022-06-01
21176.0,21384.0,21677.0,21176.0,4310000.0,2022-06-02
21134.0,21301.0,21384.0,20800.0,1620000.0,2022-06-03
21134.0,21134.0,21343.0,21050.0,1950000.0,2022-06-06
20841.0,21134.0,21134.0,20299.0,2590000.0,2022-06-07
21468.0,20800.0,21468.0,20591.0,5170000.0,2022-06-08
21510.0,21552.0,21635.0,20925.0,3900000.0,2022-06-09
21050.0,21050.0,21552.0,21009.0,2620000.0,2022-06-10
19964.0,20883.0,20883.0,19881.0,4400000.0,2022-06-13
20131.0,19964.0,20424.0,19630.0,2360000.0,2022-06-14
19714.0,20424.0,20466.0,19296.0,4180000.0,2022-06-15
20131.0,19714.0,20131.0,19714.0,2210000.0,2022-06-16
19296.0,19630.0,19923.0,19087.0,3640000.0,2022-06-17
19129.0,19296.0,19630.0,19046.0,4550000.0,2022-06-20
19213.0,18795.0,19380.0,18795.0,3080000.0,2022-06-21
19839.0,19380.0,19964.0,19380.0,2910000.0,2022-06-22
19839.0,19547.0,19923.0,19254.0,2460000.0,2022-06-23
19881.0,19797.0,20048.0,19630.0,1830000.0,2022-06-24
20006.0,19881.0,20173.0,19756.0,2810000.0,2022-06-27
20466.0,19881.0,20716.0,19797.0,3450000.0,2022-06-28
20215.0,20215.0,20466.0,20048.0,2250000.0,2022-06-29
20048.0,20466.0,20466.0,20006.0,2400000.0,2022-06-30
20090.0,19923.0,20090.0,19630.0,2130000.0,2022-07-01
20257.0,20382.0,20466.0,20048.0,2100000.0,2022-07-04
20424.0,20424.0,20549.0,20257.0,3440000.0,2022-07-05
20215.0,20382.0,20466.0,19714.0,2320000.0,2022-07-06
20173.0,20299.0,20466.0,20131.0,2870000.0,2022-07-07
20048.0,20215.0,20382.0,20048.0,2320000.0,2022-07-08
19630.0,19923.0,20048.0,19630.0,1880000.0,2022-07-11
20048.0,19714.0,20048.0,19630.0,837320.0,2022-07-12
20048.0,20048.0,20382.0,19881.0,2450000.0,2022-07-13
20090.0,19881.0,20173.0,19881.0,1640000.0,2022-07-14
20048.0,20257.0,20424.0,20048.0,3040000.0,2022-07-15
19964.0,20131.0,20215.0,19964.0,2790000.0,2022-07-18
19964.0,19964.0,20006.0,19881.0,1730000.0,2022-07-19
20299.0,20131.0,20340.0,19964.0,3500000.0,2022-07-20
20591.0,20299.0,20800.0,20215.0,4960000.0,2022-07-21
20340.0,20591.0,20716.0,20340.0,2350000.0,2022-07-22
20090.0,20215.0,20382.0,19964.0,2130000.0,2022-07-25
20090.0,20048.0,20257.0,20048.0,1710000.0,2022-07-26
20215.0,20048.0,20215.0,20006.0,1020000.0,2022-07-27
20424.0,20633.0,20633.0,20382.0,3850000.0,2022-07-28
20549.0,20507.0,20633.0,20424.0,4390000.0,2022-07-29
20883.0,20591.0,20883.0,20466.0,5120000.0,2022-08-01
20800.0,20883.0,20925.0,20633.0,3900000.0,2022-08-02
20841.0,20883.0,20925.0,20633.0,6990000.0,2022-08-03
20883.0,20883.0,21092.0,20800.0,5050000.0,2022-08-04
20758.0,20883.0,20883.0,20466.0,3760000.0,2022-08-05
20674.0,20716.0,20883.0,20591.0,3680000.0,2022-08-08
20841.0,20800.0,20883.0,20633.0,4090000.0,2022-08-09
20758.0,20841.0,20925.0,20674.0,2290000.0,2022-08-10
20674.0,20883.0,20967.0,20633.0,3960000.0,2022-08-11
20716.0,20633.0,20758.0,20549.0,1680000.0,2022-08-12
20841.0,20800.0,21009.0,20716.0,3630000.0,2022-08-15
20758.0,20800.0,20841.0,20591.0,3720000.0,2022-08-16
20841.0,20841.0,20883.0,20758.0,3850000.0,2022-08-17
21009.0,20841.0,21092.0,20716.0,6880000.0,2022-08-18
20758.0,21009.0,21009.0,20716.0,2200000.0,2022-08-19
20591.0,20716.0,20716.0,20549.0,2580000.0,2022-08-22
20716.0,20340.0,20716.0,20215.0,2740000.0,2022-08-23
20758.0,20633.0,20800.0,20591.0,3110000.0,2022-08-24
20883.0,20758.0,20883.0,20674.0,4180000.0,2022-08-25
20716.0,20967.0,21134.0,20674.0,4460000.0,2022-08-26
20507.0,20424.0,20633.0,20299.0,3700000.0,2022-08-29
20507.0,20549.0,20758.0,20507.0,2320000.0,2022-08-30
20591.0,20507.0,20674.0,20507.0,2260000.0,2022-08-31
20466.0,20507.0,20674.0,20424.0,2650000.0,2022-09-05
20591.0,20466.0,20633.0,20424.0,2770000.0,2022-09-06
20299.0,20466.0,20549.0,20299.0,3700000.0,2022-09-07
20048.0,20382.0,20424.0,20048.0,2390000.0,2022-09-08
20048.0,20215.0,20215.0,19839.0,2560000.0,2022-09-09
19839.0,20048.0,20215.0,19839.0,1600000.0,2022-09-12
19881.0,19964.0,20048.0,19714.0,1690000.0,2022-09-13
19630.0,19630.0,19714.0,19505.0,2420000.0,2022-09-14
19672.0,19714.0,19714.0,19588.0,1820000.0,2022-09-15
19338.0,19630.0,19714.0,19296.0,2440000.0,2022-09-16
19087.0,19338.0,19380.0,18962.0,2940000.0,2022-09-19
19129.0,19129.0,19171.0,18878.0,2190000.0,2022-09-20
18878.0,19087.0,19087.0,18878.0,1490000.0,2022-09-21
19046.0,18795.0,19046.0,18795.0,2100000.0,2022-09-22
18878.0,18920.0,19171.0,18878.0,1690000.0,2022-09-23
18544.0,18711.0,18795.0,18210.0,5230000.0,2022-09-26
18711.0,18544.0,18753.0,18461.0,1690000.0,2022-09-27
18377.0,18419.0,18586.0,18335.0,2890000.0,2022-09-28
18377.0,18503.0,18503.0,18294.0,4430000.0,2022-09-29
18544.0,18377.0,18753.0,18252.0,4850000.0,2022-09-30
18043.0,18419.0,18628.0,17793.0,4210000.0,2022-10-03
17542.0,18127.0,18335.0,17542.0,3990000.0,2022-10-04
17375.0,17625.0,17918.0,17375.0,3740000.0,2022-10-05
16707.0,17417.0,17709.0,16707.0,3280000.0,2022-10-06
15579.0,16331.0,16623.0,15537.0,9760000.0,2022-10-07
15621.0,15203.0,15955.0,15203.0,7440000.0,2022-10-10
14618.0,15621.0,15621.0,14577.0,7400000.0,2022-10-11
15621.0,14952.0,15621.0,14869.0,3870000.0,2022-10-12
16665.0,15621.0,16665.0,15454.0,4490000.0,2022-10-13
17417.0,17124.0,17458.0,16874.0,3610000.0,2022-10-14
17500.0,16957.0,17542.0,16915.0,4320000.0,2022-10-17
17876.0,17793.0,17960.0,17625.0,3180000.0,2022-10-18
17625.0,18043.0,18043.0,17542.0,1660000.0,2022-10-19
17834.0,17625.0,17960.0,17291.0,4630000.0,2022-10-20
17041.0,17834.0,17834.0,16915.0,3890000.0,2022-10-21
16289.0,17083.0,17124.0,16038.0,3220000.0,2022-10-24
17041.0,16456.0,17417.0,15997.0,5670000.0,2022-10-25
17250.0,17208.0,17458.0,16874.0,2490000.0,2022-10-26
18419.0,17291.0,18419.0,17124.0,5570000.0,2022-10-27
18628.0,18711.0,18837.0,18419.0,4080000.0,2022-10-28
18711.0,18670.0,18795.0,18085.0,4310000.0,2022-10-31
18753.0,18795.0,19213.0,18670.0,3860000.0,2022-11-01
18210.0,18711.0,18753.0,18210.0,4070000.0,2022-11-02
17834.0,17960.0,18377.0,17834.0,3770000.0,2022-11-03
16832.0,17834.0,17876.0,16665.0,14510000.0,2022-11-04
17250.0,17458.0,17542.0,16874.0,5640000.0,2022-11-07
17793.0,17208.0,18168.0,16832.0,4680000.0,2022-11-08
17333.0,17876.0,18127.0,17291.0,3770000.0,2022-11-09
16707.0,17250.0,17458.0,16289.0,6280000.0,2022-11-10
17375.0,17291.0,17709.0,17083.0,4970000.0,2022-11-11
16957.0,17124.0,17291.0,16665.0,6050000.0,2022-11-14
15955.0,16915.0,17083.0,15955.0,7550000.0,2022-11-15
17041.0,15788.0,17041.0,14952.0,8510000.0,2022-11-16
17584.0,17375.0,17834.0,17375.0,4950000.0,2022-11-17
17667.0,17375.0,17918.0,17208.0,4070000.0,2022-11-18
17208.0,17709.0,17709.0,17208.0,2620000.0,2022-11-21
16999.0,17041.0,17834.0,16999.0,5090000.0,2022-11-22
17250.0,17041.0,17500.0,16999.0,2930000.0,2022-11-23
17542.0,17208.0,17709.0,17041.0,2650000.0,2022-11-24
17960.0,17960.0,17960.0,17584.0,3250000.0,2022-11-25
18586.0,18043.0,18586.0,18001.0,6030000.0,2022-11-28
18503.0,18586.0,18586.0,18127.0,4530000.0,2022-11-29
18461.0,18586.0,18753.0,18210.0,4740000.0,2022-11-30
18795.0,18628.0,19087.0,18377.0,7830000.0,2022-12-01
19630.0,18795.0,19630.0,18503.0,5510000.0,2022-12-02
19714.0,19672.0,20048.0,19380.0,5420000.0,2022-12-05
18628.0,19714.0,19839.0,18628.0,5930000.0,2022-12-06
18628.0,18795.0,18795.0,18168.0,3790000.0,2022-12-07
18920.0,18753.0,19881.0,18461.0,5520000.0,2022-12-08
19254.0,19004.0,19380.0,18753.0,3820000.0,2022-12-09
18795.0,19254.0,19463.0,18795.0,3660000.0,2022-12-12
19254.0,18711.0,19254.0,18586.0,3100000.0,2022-12-13
19338.0,19296.0,19588.0,19004.0,3790000.0,2022-12-14
19380.0,19213.0,19630.0,19213.0,4730000.0,2022-12-15
19213.0,19213.0,19547.0,19087.0,2550000.0,2022-12-16
19004.0,19129.0,19421.0,19004.0,3890000.0,2022-12-19
18837.0,19004.0,19129.0,18544.0,2950000.0,2022-12-20
19046.0,18878.0,19213.0,18628.0,2170000.0,2022-12-21
19129.0,19213.0,19213.0,19004.0,2250000.0,2022-12-22
19129.0,19129.0,19129.0,18628.0,2000000.0,2022-12-23
18461.0,19129.0,19129.0,18461.0,2040000.0,2022-12-26
18461.0,18461.0,18878.0,18377.0,2350000.0,2022-12-27
18377.0,18461.0,18753.0,18335.0,2100000.0,2022-12-28
18377.0,18377.0,18711.0,18210.0,2080000.0,2022-12-29
18294.0,18377.0,18544.0,18210.0,1540000.0,2022-12-30
18962.0,18377.0,18962.0,18335.0,1780000.0,2023-01-03
18920.0,19087.0,19087.0,18837.0,1890000.0,2023-01-04
19087.0,19004.0,19213.0,18920.0,2420000.0,2023-01-05
19338.0,19046.0,19505.0,18878.0,3910000.0,2023-01-06
19296.0,19505.0,19505.0,19171.0,2010000.0,2023-01-09
19588.0,19421.0,19588.0,19171.0,3520000.0,2023-01-10
20215.0,19714.0,20424.0,19588.0,6140000.0,2023-01-11
20466.0,20215.0,20591.0,20215.0,3310000.0,2023-01-12
20173.0,20549.0,20716.0,20173.0,2480000.0,2023-01-13
20883.0,20173.0,20883.0,20173.0,4070000.0,2023-01-16
21134.0,20925.0,21259.0,20841.0,4580000.0,2023-01-17
21301.0,21134.0,21468.0,20967.0,6250000.0,2023-01-18
21719.0,21301.0,21719.0,21259.0,6350000.0,2023-01-19
22011.0,22011.0,22136.0,21635.0,4320000.0,2023-01-27
21217.0,21969.0,22011.0,21217.0,6210000.0,2023-01-30
21760.0,21217.0,21760.0,20883.0,4000000.0,2023-01-31
21050.0,21802.0,21927.0,20967.0,4010000.0,2023-02-01
20883.0,21009.0,21384.0,20716.0,3320000.0,2023-02-02
20466.0,20883.0,21092.0,20382.0,10960000.0,2023-02-03
20800.0,20382.0,21009.0,20173.0,2760000.0,2023-02-06
20549.0,20883.0,20967.0,20382.0,2840000.0,2023-02-07
20591.0,20716.0,20925.0,20507.0,2210000.0,2023-02-08
20466.0,20591.0,20967.0,20466.0,3710000.0,2023-02-09
20215.0,20549.0,20674.0,20215.0,2310000.0,2023-02-10
19964.0,20173.0,20173.0,19881.0,2980000.0,2023-02-13
19923.0,20131.0,20131.0,19881.0,1650000.0,2023-02-14
20507.0,19964.0,20591.0,19839.0,3830000.0,2023-02-15
20716.0,20716.0,20716.0,20382.0,1870000.0,2023-02-16
20716.0,20758.0,20841.0,20507.0,1970000.0,2023-02-17
21552.0,20633.0,21552.0,20591.0,5640000.0,2023-02-20
21301.0,21552.0,21719.0,21301.0,1980000.0,2023-02-21
20758.0,21050.0,21343.0,20758.0,3050000.0,2023-02-22
21217.0,20674.0,21301.0,20257.0,4440000.0,2023-02-23
20549.0,20883.0,21134.0,20507.0,2560000.0,2023-02-24
20257.0,20466.0,20549.0,20131.0,3570000.0,2023-02-27
20382.0,20466.0,20674.0,20257.0,7070000.0,2023-02-28
21009.0,20382.0,21050.0,20215.0,2920000.0,2023-03-01
20925.0,20883.0,21259.0,20883.0,3840000.0,2023-03-02
20466.0,20925.0,21134.0,20466.0,2760000.0,2023-03-03
20299.0,20758.0,20967.0,20299.0,6010000.0,2023-03-06
20466.0,20674.0,20883.0,20299.0,5340000.0,2023-03-07
20883.0,20257.0,20883.0,20257.0,3200000.0,2023-03-08
21176.0,20883.0,21259.0,20800.0,4300000.0,2023-03-09
20800.0,20925.0,21050.0,20674.0,2790000.0,2023-03-10
20466.0,20674.0,20841.0,20340.0,4620000.0,2023-03-13
20090.0,20507.0,20633.0,20006.0,7780000.0,2023-03-14
20716.0,20549.0,20716.0,20424.0,2250000.0,2023-03-15
20382.0,20466.0,20674.0,20173.0,2870000.0,2023-03-16
20340.0,20507.0,20591.0,20340.0,1440000.0,2023-03-17
20048.0,20215.0,20340.0,20048.0,2820000.0,2023-03-20
20215.0,20382.0,20382.0,19923.0,1710000.0,2023-03-21
20173.0,20340.0,20340.0,20090.0,2140000.0,2023-03-22
20466.0,20131.0,20549.0,20006.0,8140000.0,2023-03-23
20507.0,20549.0,20758.0,20466.0,1930000.0,2023-03-24
20424.0,20549.0,20674.0,20340.0,2830000.0,2023-03-27
20424.0,20591.0,20716.0,20424.0,9530000.0,2023-03-28
20382.0,20466.0,20549.0,20340.0,17460000.0,2023-03-29
20549.0,20549.0,20633.0,20507.0,2440000.0,2023-03-30
20883.0,20633.0,21092.0,20591.0,6760000.0,2023-03-31
21092.0,21092.0,21217.0,20883.0,11460000.0,2023-04-03
21009.0,21092.0,21176.0,20925.0,8270000.0,2023-04-04
21134.0,20967.0,21134.0,20925.0,3820000.0,2023-04-05
20800.0,21217.0,21259.0,20800.0,4980000.0,2023-04-06
20925.0,20841.0,20967.0,20800.0,3610000.0,2023-04-07
20883.0,20967.0,21009.0,20758.0,4180000.0,2023-04-10
20841.0,20800.0,20925.0,20633.0,1840000.0,2023-04-11
20758.0,20883.0,20925.0,20716.0,3700000.0,2023-04-12
20841.0,20841.0,20925.0,20758.0,2900000.0,2023-04-13
20841.0,20925.0,20967.0,20758.0,5770000.0,2023-04-14
20883.0,20841.0,20883.0,20716.0,1900000.0,2023-04-17
20674.0,20883.0,20883.0,20674.0,2420000.0,2023-04-18
20382.0,20716.0,20716.0,20382.0,5280000.0,2023-04-19
20257.0,20466.0,20507.0,20215.0,2840000.0,2023-04-20
20257.0,20299.0,20382.0,20257.0,2840000.0,2023-04-21
20215.0,20299.0,20424.0,20131.0,2620000.0,2023-04-24
20173.0,20299.0,20424.0,20131.0,7100000.0,2023-04-25
20173.0,20173.0,20215.0,20006.0,4430000.0,2023-04-26
20173.0,20215.0,20424.0,20131.0,2510000.0,2023-04-27
20215.0,20215.0,20382.0,20173.0,11240000.0,2023-04-28
20633.0,20299.0,20674.0,20299.0,4950000.0,2023-05-04
20591.0,20466.0,20674.0,20466.0,3020000.0,2023-05-05
20841.0,20591.0,20883.0,20549.0,2650000.0,2023-05-08
20800.0,20883.0,20925.0,20716.0,3570000.0,2023-05-09
20800.0,20800.0,20841.0,20716.0,2250000.0,2023-05-10
20800.0,20883.0,20967.0,20716.0,2940000.0,2023-05-11
20883.0,20883.0,20925.0,20716.0,2700000.0,2023-05-12
20883.0,21050.0,21134.0,20841.0,7340000.0,2023-05-15
20883.0,20883.0,20925.0,20800.0,1680000.0,2023-05-16
20800.0,20883.0,21009.0,20758.0,3970000.0,2023-05-17
20883.0,20800.0,20967.0,20758.0,3850000.0,2023-05-18
20841.0,20925.0,20925.0,20674.0,4610000.0,2023-05-19
20925.0,20883.0,20925.0,20800.0,5270000.0,2023-05-22
21176.0,21050.0,21384.0,20883.0,24980000.0,2023-05-23
21009.0,21301.0,21301.0,20841.0,12710000.0,2023-05-24
20967.0,21050.0,21050.0,20800.0,10110000.0,2023-05-25
20883.0,21050.0,21050.0,20841.0,9840000.0,2023-05-26
21009.0,20967.0,21134.0,20883.0,19060000.0,2023-05-29
21050.0,21134.0,21134.0,20883.0,25980000.0,2023-05-30
21217.0,21050.0,21217.0,20883.0,33530000.0,2023-05-31
21400.0,21500.0,21750.0,21250.0,12760000.0,2023-06-01
21800.0,21500.0,22100.0,21450.0,15030000.0,2023-06-02
21750.0,22000.0,22150.0,21650.0,13840000.0,2023-06-05
21800.0,21800.0,21850.0,21700.0,9940000.0,2023-06-06
21850.0,21800.0,22000.0,21800.0,9180000.0,2023-06-07
21600.0,21800.0,21900.0,21600.0,9680000.0,2023-06-08
21550.0,21650.0,21650.0,21300.0,7460000.0,2023-06-09
21450.0,21650.0,21650.0,21350.0,4290000.0,2023-06-12
21600.0,21500.0,21600.0,21400.0,7970000.0,2023-06-13
21650.0,21650.0,21900.0,21600.0,8030000.0,2023-06-14
21700.0,21650.0,21700.0,21550.0,5410000.0,2023-06-15
21800.0,21700.0,22100.0,21600.0,14410000.0,2023-06-16
21650.0,21800.0,21850.0,21600.0,4660000.0,2023-06-19
21650.0,21650.0,21700.0,21500.0,5640000.0,2023-06-20
21700.0,21600.0,21700.0,21550.0,5480000.0,2023-06-21
21650.0,21750.0,21900.0,21650.0,7970000.0,2023-06-22
21900.0,21700.0,21900.0,21600.0,11430000.0,2023-06-23
22250.0,22200.0,22500.0,22000.0,11780000.0,2023-06-26
22200.0,22550.0,22550.0,22200.0,5620000.0,2023-06-27
22300.0,22200.0,22400.0,22100.0,8230000.0,2023-06-28
21900.0,22300.0,22400.0,21900.0,8150000.0,2023-06-29
22050.0,21900.0,22050.0,21800.0,5120000.0,2023-06-30
22050.0,22050.0,22100.0,21950.0,4030000.0,2023-07-03
22000.0,21950.0,22050.0,21900.0,4350000.0,2023-07-04
21950.0,22000.0,22100.0,21950.0,8120000.0,2023-07-05
21700.0,21950.0,22000.0,21650.0,6420000.0,2023-07-06
21700.0,21700.0,21750.0,21500.0,7140000.0,2023-07-07
21950.0,21750.0,22100.0,21700.0,9030000.0,2023-07-10
22000.0,22300.0,22300.0,21950.0,8850000.0,2023-07-11
21850.0,22200.0,22200.0,21800.0,5190000.0,2023-07-12
22000.0,22000.0,22000.0,21800.0,6740000.0,2023-07-13
22000.0,22050.0,22100.0,21800.0,6900000.0,2023-07-14
22000.0,22050.0,22050.0,21900.0,6530000.0,2023-07-17
22000.0,21900.0,22000.0,21850.0,6780000.0,2023-07-18
22000.0,22000.0,22150.0,21950.0,9550000.0,2023-07-19
22000.0,22000.0,22050.0,21900.0,6280000.0,2023-07-20
22100.0,22000.0,22100.0,21900.0,6680000.0,2023-07-21
22050.0,22100.0,22200.0,21950.0,6760000.0,2023-07-24
22300.0,22000.0,22500.0,22000.0,13700000.0,2023-07-25
22300.0,22300.0,22450.0,22200.0,5970000.0,2023-07-26
22150.0,22300.0,22350.0,22050.0,7210000.0,2023-07-27
22200.0,22200.0,22400.0,22050.0,8610000.0,2023-07-28
22950.0,22500.0,22950.0,22450.0,19210000.0,2023-07-31
22850.0,23250.0,23250.0,22750.0,13710000.0,2023-08-01
23100.0,22800.0,23150.0,22800.0,12410000.0,2023-08-02
23450.0,23050.0,23500.0,23000.0,17010000.0,2023-08-03
24400.0,23600.0,24400.0,23250.0,18670000.0,2023-08-04
23750.0,23950.0,24050.0,23600.0,28090000.0,2023-08-07
23400.0,23800.0,23900.0,23300.0,15270000.0,2023-08-08
23200.0,23400.0,23600.0,23150.0,15560000.0,2023-08-09
22900.0,23250.0,23350.0,22900.0,12690000.0,2023-08-10
22900.0,22950.0,23000.0,22600.0,9160000.0,2023-08-11
23050.0,22900.0,23050.0,22800.0,10440000.0,2023-08-14
22850.0,23150.0,23250.0,22850.0,6460000.0,2023-08-15
22900.0,22850.0,23050.0,22800.0,8400000.0,2023-08-16
22700.0,22950.0,23000.0,22700.0,10120000.0,2023-08-17
21900.0,22700.0,22700.0,21900.0,20450000.0,2023-08-18
22000.0,21850.0,22200.0,21850.0,7970000.0,2023-08-21
22050.0,22100.0,22150.0,21600.0,9070000.0,2023-08-22
21850.0,22200.0,22300.0,21850.0,5540000.0,2023-08-23
22050.0,21850.0,22250.0,21850.0,5310000.0,2023-08-24
21950.0,22000.0,22050.0,21850.0,5380000.0,2023-08-25
22050.0,22000.0,22100.0,21950.0,5160000.0,2023-08-28
22050.0,22050.0,22200.0,21950.0,5770000.0,2023-08-29
22450.0,22050.0,22500.0,22050.0,7220000.0,2023-08-30
22600.0,22450.0,22600.0,22450.0,7210000.0,2023-08-31
22750.0,22700.0,23050.0,22650.0,7630000.0,2023-09-05
22950.0,22750.0,22950.0,22600.0,4780000.0,2023-09-06
22900.0,23000.0,23150.0,22750.0,9850000.0,2023-09-07
22750.0,22900.0,22950.0,22700.0,5530000.0,2023-09-08
22350.0,22800.0,22900.0,22250.0,10540000.0,2023-09-11
22750.0,22350.0,22750.0,22200.0,6680000.0,2023-09-12
22550.0,22750.0,22800.0,22450.0,6940000.0,2023-09-13
22450.0,22500.0,22800.0,22400.0,6190000.0,2023-09-14
22650.0,22600.0,22750.0,22450.0,5250000.0,2023-09-15
22450.0,22600.0,22650.0,22300.0,4360000.0,2023-09-18
22300.0,22450.0,22600.0,22250.0,8080000.0,2023-09-19
22450.0,22300.0,22550.0,22250.0,5290000.0,2023-09-20
22400.0,22400.0,22550.0,22350.0,5430000.0,2023-09-21
22300.0,22200.0,22500.0,22100.0,9790000.0,2023-09-22
22000.0,22300.0,22350.0,22000.0,7620000.0,2023-09-25
21900.0,22050.0,22250.0,21850.0,9400000.0,2023-09-26
22000.0,21900.0,22000.0,21750.0,5690000.0,2023-09-27
21750.0,21850.0,22000.0,21700.0,4990000.0,2023-09-28
21850.0,21800.0,22050.0,21800.0,2340000.0,2023-09-29
21900.0,21800.0,21950.0,21700.0,3810000.0,2023-10-02
21600.0,21800.0,21900.0,21600.0,5510000.0,2023-10-03
21600.0,21550.0,21700.0,21500.0,3180000.0,2023-10-04
21600.0,21750.0,21950.0,21600.0,3350000.0,2023-10-05
21800.0,21600.0,21900.0,21550.0,2440000.0,2023-10-06
22500.0,21700.0,22550.0,21700.0,8980000.0,2023-10-09
22800.0,22500.0,22850.0,22500.0,6540000.0,2023-10-10
22700.0,22800.0,22800.0,22550.0,2840000.0,2023-10-11
22700.0,22700.0,22900.0,22500.0,5630000.0,2023-10-12
22650.0,22600.0,22700.0,22500.0,4690000.0,2023-10-13
22600.0,22550.0,22700.0,22400.0,4220000.0,2023-10-16
22450.0,22600.0,22650.0,22450.0,3660000.0,2023-10-17
22050.0,22450.0,22450.0,22050.0,6210000.0,2023-10-18
21800.0,22050.0,22150.0,21800.0,6210000.0,2023-10-19
21900.0,21800.0,22100.0,21800.0,3670000.0,2023-10-20
21800.0,22100.0,22100.0,21700.0,2400000.0,2023-10-23
21900.0,21950.0,22100.0,21800.0,2550000.0,2023-10-24
21900.0,22200.0,22250.0,21900.0,2490000.0,2023-10-25
21100.0,21750.0,21750.0,20950.0,12590000.0,2023-10-26
21550.0,21450.0,21700.0,21200.0,3180000.0,2023-10-27
21300.0,21600.0,21650.0,21300.0,3860000.0,2023-10-30
21400.0,21350.0,21550.0,21250.0,3490000.0,2023-10-31
21600.0,21400.0,21650.0,21350.0,4830000.0,2023-11-01
22300.0,21750.0,22300.0,21600.0,5150000.0,2023-11-02
22050.0,22300.0,22400.0,22050.0,4890000.0,2023-11-03
22200.0,22200.0,22350.0,22100.0,3790000.0,2023-11-06
22100.0,22100.0,22250.0,22100.0,2330000.0,2023-11-07
22800.0,22100.0,22900.0,22050.0,7910000.0,2023-11-08
22550.0,22900.0,22900.0,22550.0,4760000.0,2023-11-09
22400.0,22400.0,22600.0,22250.0,5050000.0,2023-11-10
22450.0,22450.0,22600.0,22200.0,3420000.0,2023-11-13
22700.0,22450.0,22900.0,22450.0,10300000.0,2023-11-14
23250.0,23000.0,23500.0,22950.0,32330000.0,2023-11-15
23300.0,23250.0,23400.0,23100.0,8080000.0,2023-11-16
22700.0,23400.0,23400.0,22550.0,12350000.0,2023-11-17
22500.0,22400.0,22950.0,22150.0,10210000.0,2023-11-20
22600.0,22650.0,22800.0,22500.0,3710000.0,2023-11-21
22700.0,22500.0,22750.0,22350.0,4390000.0,2023-11-22
22200.0,22700.0,22750.0,22200.0,5180000.0,2023-11-23
22050.0,22300.0,22300.0,21800.0,7900000.0,2023-11-24
21850.0,22050.0,22100.0,21850.0,3260000.0,2023-11-27
21900.0,21900.0,22100.0,21700.0,4190000.0,2023-11-28
22050.0,22000.0,22350.0,22000.0,4830000.0,2023-11-29
21950.0,22050.0,22300.0,21950.0,5240000.0,2023-11-30
21950.0,22150.0,22150.0,21750.0,5730000.0,2023-12-01
22300.0,22050.0,22450.0,22000.0,9040000.0,2023-12-04
22150.0,22300.0,22450.0,22050.0,3560000.0,2023-12-05
22300.0,22150.0,22300.0,22000.0,2790000.0,2023-12-06
22400.0,22300.0,22500.0,22200.0,7240000.0,2023-12-07
22400.0,22400.0,22550.0,22300.0,3810000.0,2023-12-08
22400.0,22450.0,22500.0,22250.0,2270000.0,2023-12-11
22500.0,22450.0,22500.0,22300.0,3230000.0,2023-12-12
22300.0,22500.0,22550.0,22300.0,3930000.0,2023-12-13
22500.0,22400.0,22750.0,22300.0,6950000.0,2023-12-14
22750.0,22600.0,22850.0,22550.0,6190000.0,2023-12-15
22800.0,22700.0,22800.0,22650.0,6390000.0,2023-12-18
23050.0,22800.0,23100.0,22800.0,11470000.0,2023-12-19
23200.0,23050.0,23250.0,23050.0,8860000.0,2023-12-20
23250.0,23200.0,23250.0,23050.0,7080000.0,2023-12-21
23200.0,23200.0,23300.0,23200.0,4510000.0,2023-12-22
23350.0,23250.0,23450.0,23200.0,7580000.0,2023-12-25
23250.0,23400.0,23400.0,23250.0,5730000.0,2023-12-26
23300.0,23200.0,23400.0,23200.0,4870000.0,2023-12-27
23750.0,23300.0,23950.0,23300.0,10510000.0,2023-12-28
23900.0,23900.0,24100.0,23800.0,9200000.0,2023-12-29
